ROW_ID,V1T27_1921,PR,CD_NO,CSD_NO,PR_CD_CSD,CSD_TYPE,POP_TOT_1921,Founded,Founded_context,Incorporated,Incorporated_context,Railway_arrives,Railway_lines,First_post_office,Post_office_context,First_church,First_church_context,First_school,First_school_context,Residential_school,Medical,Medical_context,Justice_system,Justice_system_context,First_cemetery,Cemeteries_context,First_newspaper,Newspapers,Colonization_companies,Colonization_companies_context,Land_office_established,Digital_local_history_source
4188,SK182021,SK,182,21,Battleford,T,1229,1875.0,Many dates to choose from - 1875 was when the HBC post and NWMP fort were created.,1904.0,,1905.0,"CNoR, GTPR",1877,1877 - Post office opened.,1883.0,1883 - St Vital Roman Catholic Church (considered the oldest Roman Catholic church in Sask); 1886 -  Original Gardiner Presbyterian Church,1883.0,1883 - The Battleford School (Canada’s first industrial residential school); 1908 King Street Elementary School,1883 - The Battleford School (Canada’s first industrial residential school),,Can't find info on this as all searches turn up the Saskatchewan Hospital in North Battleford.,1876.0,1875 - Creation of NWMP Fort Battleford.,1879.0,1879 - St Vital Parish Cemetery; 1883 - Battleford Industrial School Cemetery; 1885 - Battleford Municipal Cemetery,1878.0,1878 - The Saskatchewan Herald (first newspaper in what is now Sask),1908.0,1908 - The Luse Land Company MAY have had dealings in the Battleford area.,1886.0,
4337,SK185027,SK,185,27,Duck Lake,T,437,1875.0,"While settler history of Duck Lake starts with missionaries and priests, settlement centered on the development of the Stobart and Eden Company.",1898.0,,1890.0,QLSRSC,1879,1879 - First post office (named Stobart) was established.,1879.0,1879 - Sacred Heart Mission Church; 1896 - All Saints Anglican Church; Undated Presbyterian church;,1885.0,1885 - Stobart Roman Catholic Public School established.,1894-1996 - St. Michael's Residential School,,"Doctors are undated, but first doctor was A. B. Stewart.",1879.0,1879 - The first NWMP detachment was established at Duck Lake.,1894.0,1894 - Earliest burial in All Saints Anglican Cemetery; 1896 - Earliest recorded death at St. Michael's Residential School; 1902 - Earliest recorded burial at Blessed Sacrament Roman Catholic Cemetery,1910.0,"""Early 1900s"" till 1911- The Chronicle; 1910 - Le Patriote de L'Ouest",1881.0,1881 - Earliest date I could find associated with The Prince Albert Colonization Company in the Duck Lake area.,,
4338,SK185028,SK,185,28,Humboldt,T,1822,1875.0,1875 - A telegraph station was established there and became the nucleus for the eventual settlement.,1905.0,,1905.0,"CNoR (first), other rail lines established post-1921.",1905,1905 - First postmaster appointed.,1905.0,1905 - Unnamed Presbyterian church; 1919 - St John's Lutheran Church,1908.0,1906 - St. Augustine Catholic School; 1908 - Public schoolhouse built.,,1911.0,1911 - St. Elizabeth's Hospital,1885.0,1885 - NWMP detachment established to protect the telegraph.,1906.0,1906 - earliest burial in Humboldt Public Cemetery,1905.0,1905 - The Humboldt Journal,1902.0,The German American Land Company in coordination with the Order of Benedict's St. Peter's Colony (both had colonization rights in the area),1907.0,
3907,SK176048,SK,176,48,Fort Qu'Appelle,VL,495,1880.0,"Fort Qu'appelle has a long history of settlement based on the fur trade, but homesteading/the village began around 1880.",1895.0,,1911.0,GTPR,1880,1864 - First post office and postmaster for the first Fort Qu'appelle; 1880 - First postmaster appointed at current townsite.,1885.0,1885 - St. John the Evangelist Anglican Church; 1885 - Unnamed Methodist church; 1887 - Unnamed Presbyterian church;,1889.0,1889 - First schoolhouse built.,,1883.0,"1883 - First doctor (William Hall), not only in Fort Qu'appelle but all of NWT (according to the LHB).",1885.0,"1885 - Though active in the area since 1874, 1880 was when the NWMP established a barracks in the area.",1881.0,1881 - First burial in current Fort Qu'appelle Cemetery.,1884.0,1884 - The Vidette,1804.0,"1804 - Arguably, the North West Company and HBC were the colonization companies for this area.",,
3886,SK176027,SK,176,27,Qu'Appelle,T,688,1881.0,"HBC had a trading post here in 1854/55, then settlers started arriving in 1881 in anticipation of CPR running their line through the area (called Troy at the time).",1882.0,Possibly 1882? Date is unclear but 1882 seems likely.,1882.0,CPR,1882,1882 - First postmaster and office.,1884.0,1884 - Unnamed Methodist Church; 1884 - Knox Presbyterian Church; 1885 - St. Peter's Anglican Church; 1886 - Immaculate Conception Roman Catholic Church; ,1886.0,"1886 - First dedicated school built in Qu'appelle School District #2. Before, a private school was held in a rented schoolhouse starting in 1884.",,1946.0,"1946 - Qu'appelle Memorial Hospital. Prior to that, doctors and drug stores were the medical care in Qu'appelle.",1882.0,1882 - NWMP barracks built at Qu'Appelle. 1905 - local constables hired.,1886.0,1886 - Earliest burial in Qu'Appelle Cemetery.,1883.0,1883 - The Record; 1885 - The Qu'Appelle Progress; 1909 - The Advertiser,1883.0,"1883 - Canada North West Land Company; also, while many land companies had Qu'Appelle in the name, I can't find records of them selling land in the Qu'Appelle area.",1882.0,https://digitalcollections.ucalgary.ca/asset-management/2R3BF1ODAJBU6
3888,SK176029,SK,176,29,Sintaluta,T,320,1881.0,"Settlement was originally called Carson, later renamed Sintaluta.",1881.0,,1882.0,CPR,1885,1885 - First postmaster appointed.,1897.0,1897 - Sintaluta Presbyterian Church; 1899 - Sintaluta Methodist Church; 1899 - St. John the Baptist Anglican Church,1895.0,1895 - First schoolhouse built.,,,Early doctor (Dr. Boujou) undated but prior to 1914.,1915.0,"""As long as we had a jail use, there must be police."" but none dated prior to 1915, when Mr. Fanning is named.",1900.0,1900 - Sintaluta Cemetery established.,1900.0,1900 - First newspaper (unnamed); 1907 - The Sintaluta Times,,,,
3885,SK176026,SK,176,26,Lumsden,T,498,1881.0,"1881 - Settlement in the area under the name Happy Hollow, changed to Lumsden when the railway came through.",1889.0,,1887.0,"QLSRSC, CPR",1892,"1884 - First postmaster appointed to Carssdale Post Office, which was later moved to Lumsden. First Lumsden postmaster appointed 1892.",1906.0,1906 - Unnamed Presbyterian church; 1908 - Unnamed Methodist church; undated Anglican Church (prior to 1947).,1897.0,1897 - First school built (unclear if it was in Lumsden proper).,,1897.0,1897 - First doctor (N.W. Anderson) arrived.,1895.0,1895 - NWMP depot in Lumsden.,1893.0,1893 - First burial in Lumsden Cemetery.,1900.0,1900 - The Lumsden News (quickly changed to The Times); 1904 - The News Record,,,,
3829,SK175026,SK,175,26,Moosomin,T,1099,1882.0,1882 - Town was founded around the arrival of the CPR line.,1882.0,,1882.0,CPR,1882,1882 - Post office opened.,1883.0,1883 (likely) - St. Andrew's Presbyterian Church; 1885 - St. Alban's Anglican Church; 1889 - Bethel United Church; 1892 - Broadway Baptist Church; ,1905.0,1905 - A Normal school opened.,1889-1949 - Elkhorn (Washakada) Residential School was very near Moosomin.,1905.0,"1905 - First purpose-built hospital established. Prior to this, a house-hospital was used.",1885.0,"1885 - Earliest mention of NWMP presence I could find, related to the NW Resistance.",1882.0,1882 - Fleming Memorial Cemetery; 1885 - Moosomin North Cemetery; 1885 - Moosomin South Cemetery,1884.0,1884 - The Moosomin Courier (now The World-Spectator),,"I could find no direct involvement, but indirectly: London Colonization Aid Society operated in the area; 1909 - an associate of the Canadian Prairie Land Company bought land in Moosomin.",,https://digitalcollections.ucalgary.ca/archive/Moosomin-Century-One---Town-and-Country-2R3BF1OHN7XJF.html
3833,SK175030,SK,175,30,Wolseley,T,956,1882.0,"Settlement began at Wolf Creek, later renamed Wolseley, but the town began with the arrival of CPR.",1898.0,,1882.0,CPR,1882,1882 - First postmaster appointed.,1884.0,1884 - St. Jame's Presbyterian (now United) Church; 1900 - St. Anne's Roman Catholic Church; 1900 - St. George's Anglican Church; 1903 - Alexander Church (denomination unclear); 1905 - Bethany Evangelical and Reformed Church ,1884.0,1884 - First school established.,,1947.0,1947 - Wolseley Memorial Union Hospital. No dedicated hospital prior to this time.,1886.0,1886 - Creation of the Wolseley detachment of the NWMP.,1880.0,"1880 - Wolseley ""North"" or ""Old"" Cemetery; 1892 - first recorded burial at Wolseley Cemetery (new)",1893.0,"1893 - The Wolseley Echo, renamed The Wolseley News in 1899, merged in 1973 to become The Indian Head-Wolseley News.",,,,https://digitalcollections.ucalgary.ca/asset-management/2R3BF1F5G70XJ
3824,SK175021,SK,175,21,Broadview,T,839,1882.0,1882 - CPR chose the site for a station.,1898.0,,1882.0,CPR,1882,1882 - First postmaster appointed.,1882.0,1902 - Poplar Grove United Church; 1903 - Bethel Methodist Church; 1924 - Highland Baptist Church; ,1883.0,"1883 - One-room school, Broadview #5, built.",,1936.0,1936 - St. Michael's Hospital. No record of hospital prior to this.,1885.0,1885 - The NWMP established a division there.,1884.0,1884 - The Broadview Cemetery was established,1893.0,1893 - The Broadview Sentinel; 1905 - The Broadview Express,,,,https://digitalcollections.ucalgary.ca/archive/Broadview--the-railway-town-of-eastern-Saskatchewan-2R3BF1FRQAE2W.html
3884,SK176025,SK,176,25,Indian Head,T,1439,1882.0,,1902.0,,1882.0,CPR (first),1882,1882 - First postmaster appointed; 1906 - First post office constructed.,1882.0,1882 - St. Andrew's Presbyterian Church; 1895 - St. John's Anglican Church,1887.0,1885 - First classes held; 1887 - First school house built.,,1900.0,1900 - (Date unclear but likely) Crawford Maternity Hospital; 1905 - Lady Minto Hospital,1885.0,1885 - NWMP + militia presence in the area associated with the North West Resistance,1883.0,"1883 - The Indian Head Cemetery was established, but moved due to flooding in 1896.",1900.0,"1900 - The Vidette; 1917 - The Indian Head News and The Indian Head - Wolsley News (all papers likely originate before these dates, but these were the first records of them I could find)",1884.0,"1884 - Qu’Appelle Valley Farming Company, especially important in establishing the notable Bell Farm.",,https://digitalcollections.ucalgary.ca/archive/Indian-Head---history-of-Indian-Head-and-district-2R3BF1FSTWNUV.html
3831,SK175028,SK,175,28,Wapella,T,401,1882.0,,,,1882.0,CPR,1882,1882 - First post office established.,1887.0,1887 - Christ Anglican Church; 1892 - Wapella Methodist Church; 1897 - Unnamed Presbyterian church; ,1896.0,1896 - First dated schoolhouse built.,,1915.0,Between 1899-1915 - Earliest mentioned doctor is Dr. McDonald.,1890.0,1890 - NWMP Division B active in Wapella.,1884.0,1884 - Establishment of St. Paul's Cemetery,1903.0,1903 - Earliest mention of The Wapella Post but may have been established earlier.,1901.0,1901 - Jewish Colonization Association was key in establishing the Wapella Jewish Farm Settlement.,,
3832,SK175029,SK,175,29,Whitewood,T,499,1882.0,1882 - Serious settlement was happening in the area and CPR had established a line there.,1892.0,"1892 was the date of incorporation as a town, not a village. Cannot find a date for village.",1882.0,CPR,1883,1883 - First postmaster appointed.,1885.0,1885 - St Mary The Virgin Anglican Church; 1885 - Knox Presbyterian Church; 1889 - St. Joseph's Roman Catholic Church; 1893 - Unnamed Methodist church,1886.0,1886 - First schoolhouse in Whitewood School District #57.,,1910.0,1910 - First cottage hospital in Whitewood. A standalone hospital would not be established until 1959. No dates for doctors given.,1885.0,"1885 - NWMP detachment as part of ""B"" division established.",1893.0,"Whitewood's old cemetery may be as old as 1882, but records are very unclear. First established date is 1893.",1892.0,1892 - The Whitewood Herald,1883.0,1883 - York Colonization Company,,
3640,SK171021,SK,171,21,Alameda,T,208,1882.0,Original townsite was moved to meet the railway in 1892.,1898.0,,1892.0,CPR,1883,1883 - First postmaster appointed.,1884.0,"1884 - Unnamed Presbyterian church (1902 for Presbyterian church on current townsite); 1885 - Unnamed union church (Presbyterian, Methodist, Anglican); 1907 - Unnamed Methodist church; 1913 - St. Pancras Anglican Church. Note - timeline of these churches is a bit unclear, so apologies for possible errors.",1909.0,"""Early 1900s"" - first school in Alameda opened; 1909 - Earliest confirmed date for the building of a school in Alameda.",,1906.0,Prior to 1906 - First doctor in Alameda was a woman (M. E. Allan).,1886.0,1886 - NWMP detachment opened at old Alameda townsite.,1886.0,1886 - Earliest burial at old Alameda townsite; 1905 - Alameda Cemetery established.,1901.0,1901 - The Alameda Dispatch,,,1897.0,
3881,SK176022,SK,176,22,Regina,C,34432,1882.0,,1903.0,,1882.0,"CPR (first), QLSRSC, GTPR, CNoR",1883,1883 - First postmaser appointed.,1883.0,1883 - St. Paul's Cathedral (Anglican),1883.0,1883 in a private home,1890-1910 The Regina Industrial School,1889.0,1889 - first hospital in a house,1881.0,1881 - NWMP headquarters,1883.0,1883 - Regina Cemetery; 1953 - Riverside Memorial Park Cemetery,1883.0,1883 - The Regina Leader; 1916 - The Regina Daily Post,1883.0,1883 - Canada North West Land Company (land sales to CPR),1883.0,
3952,SK177024,SK,177,24,Moosejaw,C,19285,1882.0,,1903.0,,1882.0,"CPR (first), GTPR, CNoR",1883,1883 - First postmaster appointed.,1883.0,1883 - St Paul's (Presbyterian) OR an unnamed Methodist church in the same year,1886.0,"1886 - Classes first taught in Mr. W.R. Campbell's building, but 1890 was the first school house.",,1906.0,1906 - Moose Jaw General Hospital,1882.0,1882 - NWMP officers stationed in Moose Jaw; 1884 - First town constable appointed.,1889.0,"1889 or 1893 - The Moose Jaw Cemetery; 1912 - Rosedale Cemetery (earliest files date to 1912, can't find construction date) ",1889.0,1889 - Moose Jaw Times-Herald,1910.0,1910 - The Ottawa Land Company (possibly? They were based in Moose Jaw but I can't find their impact on the area),1907.0,
3898,SK176039,SK,176,39,Craven,VL,112,1882.0,"Originally called Sussex, later renamed to Craven.",1905.0,,1887.0,"QLSRSC, CPR",1884,1884 - First post office opened.,1890.0,1890 - St. John the Evangelist Anglican Church,1906.0,1906 - Craven School District was established (no dates for first school).,,,,,,1889.0,1889 - Earliest burial in Forest Lawn Cemetery.,,,,,,https://digitalcollections.ucalgary.ca/asset-management/2R3BF1OD7J052
4131,SK181020,SK,181,20,Saskatoon,C,25739,1882.0,1882 - Founding of Temperance Colony; 1903 - town charter of Saskatoon,1906.0,,1889.0,"QLSRSC (first), CPR, GTPR, CNoR",1884,1884 (first Temperance); 1900 (first Saskatoon),1892.0,1892 - Grace Methodist Church (now Grace-Westminster United Church),1888.0,1888 - Victoria School,,1885.0,1885 - The Marr Residence field hospital; 1907 - St. Paul's Hospital,1887.0,1887 - NWMP barracks,1884.0,1884 - Nutana Cemetery; 1905 - Woodlawn Cemetery,1884.0,1884 - The Saskatoon Sentinel; 1902 The Saskatoon Phoenix (now StarPhoenix),1882.0,1882 - Temperance Colonization Society; 1902 - Saskatchewan Land Valley Company,1910.0,
4048,SK179020,SK,179,20,Yorkton,T,5151,1882.0,"1882 - The settlement that would become Yorkton is founded. 1884 - the post office is called ""Yorkton"", the first time the name is used.",1928.0,,1889.0,"M&NW (first), GTPR, CNoR",1884,1884 - Post office opened,1893.0,1893 - Orkney Presbyterian Church; 1901 - St Paul's Methodist (now Lutheran) built in what is now Yorkton,1889.0,1889 - Cottage school on the original York Colony site; 1891 - Argyle School opened in what is now Yorkton,,1902.0,1902 - Queen Victoria Cottage Hospital and Moosomin Hospital both open that year,1890.0,1890 - NWMP detachment opened in relocated site of Yorkton,1896.0,1896 - The City of Yorkton Cemetery,1892.0,1892 - The Messenger (only published that year); 1896 - The Yorkton Enterprise; ,1882.0,1882 - The York Farmers' Colonization Company; ,1897.0,
3645,SK171026,SK,171,26,Oxbow,T,602,1882.0,,1904.0,,1892.0,CPR,1892,1892 - First postmaster appointed and first post office built.,1894.0,"1894 - Unnamed Presbyterian church; 1902 - All Saints Anglican Church; 1904 - Arthur Church (denomination unclear, also unsure if it's actually in Oxbow); 1909 - St Joseph's Roman Catholic Chuch; 1920 - St Peter Evangelical Lutheran Church ",1892.0,1892 - First school in Oxbow built.,,1927.0,1927 - Oxbow Community Hospital comes into existence after a long history of cottage hospitals (first one 1905) and nursing homes (first one 1910).,1884.0,1884 - NWMP officers were stationed near Oxbow; 1904 - the first town policeman was appointed after incorporation as a town.,1902.0,"1902 - First registered cemetery, but earliest burial in the area for settlers was 1888.",1903.0,1903 - The Oxbow Herald,,,,https://digitalcollections.ucalgary.ca/asset-management/2R3BF1F0GWEOL
4093,SK180023,SK,180,23,Foam Lake,VL,451,1882.0,,1908.0,,1905.0,CNoR,1900,1900 - First postmaster appointed.,1910.0,1907 - Foam Lake Methodist Church; 1910 - Foam Lake Anglican Church,1908.0,1908 - First school in Adamson School District #1885.,,1912.0,"Dr. W. E. Somers mentioned in 1912, but unsure if he's a medical doctor for Foam Lake or if he arrived prior to this date.",,"1912 - RNWMP constable stationed in nearby Sheho, no mention of station in Foam Lake.",1914.0,"Cemetery existed by 1914, but can't find establishing date or earliest burial.",1917.0,1917 - The Foam Lake Chronicle (existed by 1917 but can't find establishing date).,,,,
3978,SK177050,SK,177,50,Waldeck,VL,140,1882.0,"First townsite of Waldeck established in 1882, but was moved in 1904.",1913.0,,1882.0,CPR,1906,1906 - First postmaster appointed.,1907.0,1907 - Waldeck Methodist Church; 1912 - St. Catherine's Anglican Church,1909.0,1909 - First school in Waldeck opened.,,,,,,1908.0,1908 - Earliest burial in Waldeck Cemetery.,,,,,,
3791,SK174026,SK,174,26,Maple Creek,T,1002,1883.0,1883 - A CPR construction crew winters at the site that is now Maple Creek.,1896.0,,1883.0,CPR - date is unclear but likely,1882,1883 - First postmaser appointed.,1886.0,1886 - A small Methodist church; 1893 - A stone Presbyterian church ,1887.0,1887 - The first log school opened,,1908.0,1908 - First non-cottage hospital built.,1883.0,1883 - NWMP detachment “A” Division moved barracks near Maple Creek,1888.0,1888 - earliest burial at Maple Creek Community Cemetery,1902.0,1902 - The Maple Creek Signal; 1903 - The Ranching News (renamed The Maple Creek News in 1910),,,1913.0,https://digitalcollections.ucalgary.ca/asset-management/2R3408TYH48E
3826,SK175023,SK,175,23,Grenfell,T,765,1883.0,,1894.0,,1882.0,CPR,1883,1883 - First postmaster appointed.,1884.0,1884 - Unnamed Presbyterian Church; 1885 - St. Michael's and All Angels Anglican Church; 1890 - Unnamed Methodist church; 1895 - Unnamed Baptist church in a disused schoolhouse; 1903 - St. Columbkille Roman Catholic Church; 1905 - Peace Lutheran Church; ,1889.0,"1889 - Date unsure, but seems to be when the first school of Grenfell School District #150 was built.",,1946.0,1946 - Grenfell Union Hospital opened. The first cottage hospital opened in 1912.,1895.0,"1894? - Ben Hoy lists a NWMP depot in Grenfell in 1895. Also, ""A policeman was stationed in the village to keep order in the community."" - date unclear, could be any time prior to 1900.",1894.0,1894 - Earliest burial in Grenfell Cemetery.,1894.0,1894 - The Grenfell Sun,1882.0,1882 - Primitive Methodist Colonization Company was integral to establishing the nearby Primitive Methodist Colony at Pheasant Forks.,,https://digitalcollections.ucalgary.ca/archive/Grit-and-growth---the-story-of-Grenfell-2R3BF1O13Y2XM.html
4004,SK178025,SK,178,25,Swift Current,C,3518,1883.0,1883 - Founded by CPR,1903.0,,1882.0,CPR,1883,1883 - First postmaster appointed.,1913.0,"1913 - Knox Presbyterian Church (note: this feels too late, some records mention 1889 but I can't find reliable sources for them)",1904.0,"1904 - first purpose-built school, with previous schooling being done in a box car.",,1912.0,1912 - The Swift Current Hospital,1874.0,"1874 - As part of the March West, NWMP presence in Swift Current to ""prepare for railway expansion""",1883.0,1883 - Oldest burial in Old Mount Pleasant Cemetery,1904.0,1904 - The Swift Current Sun,,,,
4006,SK178027,SK,178,27,Gull Lake,T,788,1884.0,"Originally rooted in a large ranching operation called the 76, became a townsite closer to 1906.",1909.0,,1882.0,CPR,1889,1889 - First postmaster appointed and first post office built.,1907.0,"1907 - ""The first church"" was built, no name, no denomination, became Grace Methodist in 1910; 1907 - Knox Presbyterian Church; 1910 - St. Anne's Roman Catholic Church; 1912 - St John the Baptist Anglican Church; ",1906.0,1906 - The first one room school house was built.,,1917.0,1912 - First hospital was a private cottage hospital; 1929 - Gull Lake Union Hospital established.,1909.0,1909 - First RNWMP detachment established in Gull Lake.,1906.0,1906 - Establishment of Gull Lake Cemetery.,1909.0,1909 - The Gull Lake Advance,1887.0,"1887 - Canadian Agricultural, Coal and Colonization Company (CACC), also known as the 76.",,https://digitalcollections.ucalgary.ca/archive/Gull-Lake-memories---a-history-of-the-town-of-Gull-Lake-2R3BF1OOS2LX3.html
4336,SK185026,SK,185,26,Prince Albert,C,7558,1885.0,1862 - founding of Isbister Settlement; 1866 - founding of Presbyterian mission; 1885 - election of first mayor + incorporation,1885.0,,1890.0,"QLSRSC, CNoR, GTPR",1879,1879 - First postmaster appointed.,1872.0,"The Nisbet Church (Presbyterian) was first, but before the founding of PA.",1883.0,"1883 - Convent school, later moved to Duck Lake. 1887 - the first Central School.",1953-1997 The Prince Albert Residential School,1884.0,1884 - NWMP hospital is established. 1899 - Victoria Hospital established.,1878.0,1878 - small NWMP detachment in PA. 1888 - NWMP had their division headquarters in PA.,1866.0,"1866 - Nisbet Cemetery, only archaeological evidence; 1902 - First burial in South Hill Cemetery; 1905 - First burial in Old Catholic Cemetery",1882.0,1882 - The Prince Albert Times; 1886/7 - The Prince Albert Critic; 1892 - The Saskatchewan Times; 1894 - The Prince Albert Daily Herald,1883.0,1883 - Prince Albert Colonization Company,1881.0,
3840,SK175037,SK,175,37,Esterhazy,VL,420,1885.0,"1885 - Esterhazy began as the Esterház (also named Kaposvar) colony, which began settlement in 1885. Nearby Sumner Colony was also influential, and settlement there began in 1882.",1903.0,,1904.0,"CPR, GTPR",1903,"1903 - First postmaster for Esterhazy appointed, though Kaposvar had had a postmaster since 1891.",1904.0,1894 - Our Lady of Assumption Church at Kaposvar; 1904 - Esterhazy Methodist Church (also used by Presbyterians); 1906 - St. Mary's (or Our Lady of Victories) Catholic Church;  ,1905.0,1905 - First schoolhouse opened.,,1904.0,1904 - First doctor (R. J. Kee) arrived in Esterhazy.,1904.0,1904 - First permanent RNWMP detachment at Esterhazy established.,1903.0,1893 - Earliest recorded burial at Kaposvar (Our Lady of Assumption) Cemetery; 1903 - Earliest recorded burial at Esterhazy Cemetery,1907.0,1907 - The Esterhazy Observer; The Esterhazy Enterprise (undated and only published for a few months),,"""Count Esterhazy"" was instrumental in colonizing the area, but was not a company.",,
3912,SK176053,SK,176,53,Lebret,VL,274,1886.0,Settlement in the area began with the establisment of a chapel and rectory in 1886.,1912.0,,1911.0,"GTPR, CPR",1886,1886 - First postmaster appointed.,1866.0,1866 - Sacret Heart Mission;,1884.0,1884 - Lebret Indian School,1884-1998 - Lebret (Qu'appelle) Indian Residential School,,,,,1869.0,1869 - Earliest burial in Sacred Heart Roman Catholic Cemetery.,,,,,,
3643,SK171024,SK,171,24,Carnduff,T,494,1887.0,"Though settlement likely began earlier, 1887 was the establishment of the post office.",1897.0,,1892.0,CPR,1884,1884 - First postmaster appointed; 1886 - First post office opened.,1894.0,"1894 - St. Andrew's Presbyterian Church, also possibly Grace Methodist church too? Unclear; 1905 - St. James Anglican Church; 1907 - The Baptist Church; ",1892.0,1892 - First standalone school built.,,1920.0,No date given for the first doctor (Dr. Campbell). 1920 - a nursing home was built.,1895.0,1895 - A NWMP depot is established in Carnduff.,1888.0,1888 - Earliest burial in Carnduff Cemetery,1899.0,1899 - The Carnduff Gazette,1913.0,1913 - The Carnduff Land Company,,
3837,SK175034,SK,175,34,Churchbridge,VL,189,1887.0,"Originally settled as the Anglican Church Colonization Land Society's Colony, but the transition to the village of Churchbirdge is unclear.",1903.0,,1888.0,M&NWR,1889,1889 - First postmaster appointed.,1887.0,1887 - Unnamed Anglican church/school building; 1902 - Unnamed Anglican standalone church; 1916 - Peace Lutheran Church; 1921 - Churchbridge United Church,1902.0,"1902 - First standalone school built in Churchbridge, though a combination church/school building had existed since 1887/1888.",,1920.0,1920 - Early doctor (William Gordon McKenzie) in Churchbridge.,1911.0,1911 - Earliest mention of a village constable (A. Livingstone) in Churchbridge.,1887.0,1887 - Earliest burial in Churchbridge Cemetery,1908.0,1908 - Earliest date given for The Churchbridge Surprise,1880.0,1880 - English Colonization Land Co.,,https://digitalcollections.ucalgary.ca/asset-management/2R3BF1O22FEP4
3830,SK175027,SK,175,27,Saltcoats,T,479,1887.0,"Settlement took off in 1883, though they slowed considerably after the North West Resistance, then picked up again in 1887.",1894.0,"Was originally named Stirling, but due to repetition of the name, was renamed Saltcoats when the post office was established in 1893.",1888.0,M&NWR,1893,"1893 - Post office established in Saltcoats, though the earlier Stirling post office had a postmaster in 1888.",1890.0,1890 - Unnamed Presbyterian church; 1891 - Unnamed Anglican church; 1907 - Saltcoats Methodist Church;,1889.0,1889 - First schoolhouse opened.,,1889.0,1889 - First doctor (T.A. Patrick); 1897 - First cottage hospital.,1888.0,1888 - Saltcoats NWMP detachment is established.,1877.0,1877 - Earliest burial in Saltcoats Historical Cemetery,,"The Saltcoats Observer; The Saltcoats Star (in operation by the 1930s/40s, but establishing dates unavailable)",1906.0,1906 - The International Company,,
3825,SK175022,SK,175,22,Fleming,T,263,1888.0,,1907.0,"1907 was the year Fleming incorporated as a TOWN, not a village.",1882.0,CPR,1884,1884 - First postmaster appointed.,1893.0,1893 - Fleming Methodist Church; between 1890-1899 - Fleming Presbyterian Church; 1897 - St. Mark Anglican Church,1900.0,1886 or 1900 - unclear which date a school was first built.,,,Undated - Fleming's first doctor (Dr. Ellis). ,1894.0,1894 - NWMP depot in Fleming.,1882.0,1882 - Earliest burial in Fleming Cemetery.,,,,,,https://digitalcollections.ucalgary.ca/asset-management/2R3BF1OHN7XJF and https://digitalcollections.ucalgary.ca/asset-management/2R3BF1OWRUX9W
3847,SK175044,SK,175,44,Langenburg,VL,307,1888.0,"Settlement in the area took off in 1886, but the townsite was originally a colony called Hohenlohe and was established around 1888.",1903.0,,1888.0,M&NWR,1888,1888 - First postmaster appointed.,1903.0,1903 - St. Paul's Evangelical Lutheran Church; 1905 - St. Alban's Anglican Church; 1911 - Christ Lutheran Church; 1917 - St. Joseph's Roman Catholic Church;,1887.0,1887 - First school in Langenburg built.,,,"Langenburg's first resident doctor (Dr. Denmark) in ""the early 1900s"".",1887.0,1887 - A NWMP detachment was set up in Langenburg.,1886.0,1886 - Earliest burial in St. Paul's Lutheran Church Cemetery (Old); 1907 - Earliest burial in Christ Lutheran Church Cemetery,1930.0,Undated but likely established in the 1930s - The Langenburg Journal,,,,
3641,SK171022,SK,171,22,Arcola,T,605,1889.0,"1889 - Date the post office was established, though settlers had been in the area throughout the 1880s.",1901.0,,1901.0,CPR,1889,1889 - First postmaster appointed. 1901 - First post office built.,1894.0,1894 - Unnamed Presbyterian church built; 1902 - Unnamed Methodist church; 1906 - St. George's Anglican church; 1911 - Unnamed Lutheran church,1900.0,1900 - First schoolhouse built.,,1927.0,1927 - Brock Union Hospital was built.,1904.0,1904 - First town constable appointed. 1905 - NWMP depot recorded in Arcola.,1903.0,"1903 - Arcola and RM No. 64 Cemetery. Local oral history suggests 1903 as a founding date, but first recorded burial was in 1908.",1901.0,1901 - The Moose Mountain Star; 1907-1908 - The Arcola Times.,,,,https://digitalcollections.ucalgary.ca/asset-management/2R3BF1FH3BAPZ
3653,SK171034,SK,171,34,Glen Ewen,VL,138,1889.0,,1904.0,,1892.0,CPR,1890,1890 - First postmaster appointed.,1900.0,1900 - St. Angus Presbyterian Church; 1910 - Holy Trinity Anglican Church,1908.0,1908 - First school built in Glen Ewen.,,1906.0,1906 - Early doctors (H. H. Galloway and Dr. Tripp) in Glen Ewen.,1920.0,1920 - RCMP depot in Glen Ewen.,1915.0,1915 - Glen Ewen Cemetery established.,,,,,,
3919,SK176060,SK,176,60,Pense,VL,247,1890.0,"Settlement in the area began in 1881, seven buildings were on the townsite by 1890, but accelerated in 1900.",1904.0,,1882.0,"CPR, GTPR",1883,1883 - First postmaster appointed.,1887.0,1887 - Unnamed Anglican church (possibly All Saints Church); 1905 - St. Andrew Presbyterian Church; ,1903.0,1903 - First school built in Pense.,,1902.0,1902 - Earliest dated doctor in Pense (G. H. Ramsay).,1913.0,1913 - A village policeman is mentioned but not named.,1885.0,1885 - Earliest burial in Cottonwood Cemetery. 1889 - Earliest burial in All Saints Anglican Cemetery.,1910.0,1910 - The Pense Herald,,,,https://digitalcollections.ucalgary.ca/asset-management/2R3BF1O3THYFZ
3953,SK177025,SK,177,25,Caron,T,243,1890.0,Townsite seems to have been established by 1890 but unsure of that claim.,1904.0,,1882.0,"CPR, GTPR",1883,1884 - First postmaster appointed.,1907.0,1907 - Unnamed Presbyterian church; undated but seemingly prior to 1921 - Church of the Good Shepherd (Anglican),1905.0,1905 - First school in Caron built.,,1917.0,1917 - First doctor with a date associated in Caron (Theodore G. H. Drake).,1895.0,1895 - NWMP depot in Caron.,1899.0,1899 - Earliest burial in Caron Cemetery.,,"Local history book has mentions of ""a local newspaper"" but no names or dates given and may not have been in Caron.",,,,https://digitalcollections.ucalgary.ca/asset-management/2R3BF1OGJ23IM
3921,SK176062,SK,176,62,Pilot Butte,VL,129,1890.0,,1913.0,,1882.0,"CPR, CNoR, GTPR",1899,1899 - First postmaster appointed.,1903.0,"1903 - Earliest date given for St. George's Anglican Church; 1913 - earliest date given for a 2nd church in Pilot Butte, likely the Presbyterian or Methodist church but source unclear.",,"Sources unclear - either a schoolhouse existed prior to 1913, or was built in 1915.",,,,1890.0,1890 - NWMP division B was active in Pilot Butte.,1905.0,1905 - Earliest burial in St. George Anglican Cemetery,,,,,,
3954,SK177026,SK,177,26,Craik,T,570,1890.0,"1890 - Established as a railway station site for QLSRSC, but settlement started in the early 1900s.",1903.0,,1889.0,QLSRSC,1903,"1903 - First postmaster appointed, first post office built.",1904.0,1904 - St. Agnes Anglican Church; 1905 - Unnamed Methodist church; 1905 - Knox Presbyterian Church; 1924 - St. Joseph's Roman Catholic Church;,1904.0,1904 - First school of Craik School District #891 built.,,1942.0,1910 - First cottage hospital established. 1942 - The Craik Community hospital opened.,1905.0,1905 - RNWMP depot established.,1904.0,1904 - The Craik Cemetery established.,1908.0,"1908 - The Craik Weekly News (first found date, may have been established earlier)",,,,
3893,SK176034,SK,176,34,Bethune,VL,220,1890.0,The village of Bethune was founded with the coming of the railway.,1912.0,,1889.0,QLSRSC,1905,1905 - First postmaster appointed.,1910.0,1910 - St. Paul's Anglican Church; 1916 - Bethune Presbyterian Church,1906.0,1906 - First school in Bethune opened.,,,,,,1898.0,1898 - Earliest burial in Bethune Cemetery.,,,,"Undated - P.V. Valin operated in the Bethune area, but unsure if involved in settling Bethune.",,
3648,SK171029,SK,171,29,Carievale,VL,175,1892.0,,1903.0,,1892.0,CPR,1891,1891 - First postmaster appointed.,1900.0,1900 - Carievale Methodist Church; 1905 - Holy Trinity Anglican Church,1905.0,1905 - First school in the village of Carievale built.,,1903.0,1903 - First resident doctor (R. B. Mills) in Carievale.,,,1907.0,"Prior to 1900 - Original Carievale Cemetery, closed in 1907. 1907 - Carievale Cemetery.",,,,,,
3644,SK171025,SK,171,25,Estevan,T,2290,1892.0,,1899.0,,1892.0,"CPR (first), CNoR",1892,1892 - First postmaster appointed.,1892.0,"1892 - Two churches established, Trinity Methodist Church and Westminster Presbyterian Church",1892.0,1892 - First school was held in rented rooms; a second temporary school (construction date unknown) was used until 1895 when the Central (Stone) School was built,,1910.0,1910 - Beckel Hospital operated in a home; 1912 - unnamed hospital opened (possibly? Corner Souris Ave (Highway 47) and Perkins St.),1874.0,1874 - Wood End Post created south of Estevan as part of the March West; 1897 the NWMP moved to Estevan,1898.0,1898 - Grace Pioneer Cemetery; 1900 - Estevan City Cemetery,1903.0,1903 - The Estevan Mercury,1879.0,1879 - Possibly the Manitoba South-Western Colonization Railway Company? Unable to find reliable sources.,1908.0,
4305,SK184035,SK,184,35,Melfort,T,1746,1892.0,"1892 - The founding of the Stoney Creek Settlement, which would be relocated and become Melfort.",1903.0,,1905.0,CNoR,1892,1892 - First postmaster appointed.,1904.0,1904 - United Church (Methodist); 1915 - Brockington Mission Covenant Church (Lutheran? Unsure),,Cannot find date for any of the early schools; three possibilities (Melfort School District No. 54; Melfort School District No. 318; Melfort School District No. 1037) I suspect it is 1037 that is Melfort proper.,,1907.0,1907 - Lady Minto Hospital,1905.0,1905 - NWMP F Troop activity in the Melfort area recorded.,1890.0,1890 - earliest burial in Mount Pleasant Cemetery,1903.0,1903 - The Melfort Moon; 1908 - The Carrot River Journal (formerly the Prince Albert Advocate),,,,
3646,SK171027,SK,171,27,Antler,VL,145,1892.0,,1905.0,,1900.0,CPR,1900,1900 - First postmaster appointed.,1908.0,1908 - Antler Methodist Church,1901.0,1901 - First school in Antler built.,,1909.0,"1906 - Early doctor (Dr. Hunter) in Antler, but unclear if he practiced medicine there; 1909 - Earliest recorded doctors (Drs. Giles and C. Hewitt) in Antler.",1915.0,"Prior to 1915 - Village constables listed as Richard McComb, Alfred Teeple, Harry Hopkins, Len Hawkins and Richard Coulson.",1908.0,1908 - Antler Cemetery established.,1905.0,1905-1908 - The Antler Arrow,,,,https://digitalcollections.ucalgary.ca/asset-management/2R3BF1SJL867A
3827,SK175024,SK,175,24,Lemberg,T,472,1892.0,1892 - When sustained homesteading around Lemberg began.,1904.0,,1904.0,CPR,1904,1904 - First postmaster appointed.,1901.0,"1901 - St. Michael's Roman Catholic Church; 1906 - Lemberg Lutheran Church; 1907 - Lemberg Methodist Church; ""Early 1900s"" - Lemberg Baptist Church; ",1904.0,"1904 - First private schoolhouse ""built prior to 1904""; 1906 - First public school built.",,1903.0,1903 - First doctor (Dr. Knocke),,"""First town police was Joseph Gaye"" but no date given besides ""early 1900s"".",1908.0,1908 - Earliest burial in Lemberg & District Cemetery,1907.0,1907 - The Lemberg Leader; 1909 - The Budget; 1912 - The Evidence; 1920 - The Lemberg Star,,Fertile Belt Colonization Company (undated),,
4339,SK185029,SK,185,29,Rosthern,T,1074,1893.0,1893 - Establishment date based on the creation of the post office.,1898.0,,1890.0,"QLSRSC (first), CPR (took over the line from QLSRSC 1896-1906); CNoR (took over from CPR 1906 until bought out by CN)",1893,1893 - First postmaster appointed.,1890.0,1890 - Christ Evangelical Lutheran Church; 1902 - St. Andrew's United Church (Presbyterian); 1902 - St. Paul 's Evangelical United Brethren Church; 1903 - Rosthern Mennonite Church (Church of New Jerusalem? unsure); 1903 - St. Augustine's Anglican Church; 1903 - St. Odilon 's Roman Catholic Church; 1921 - The Seventh Day Adventist Church; undated Jewish synagogue; ,1898.0,1898 - One-room school house is built.,,1912.0,1912 - The Alexandra Hospital,1900.0,1900 - NWMP F Troop activity in the Rosthern area recorded.,1891.0,1891 - Rosthern Pioneer Cemetery; 1896 - Mennonite Cemetery; ,1902.0,1902 - The Rosthern Enterprise (renamed Saskatchewan Valley News in 1922),,1922 - Canadian Mennonite Board of Colonization,,
3691,SK172025,SK,172,25,Yellow Grass,T,468,1893.0,"Settlement in the area began in 1887, but the arrival of the railway 6 years later marks the establishment of Yellow Grass.",1903.0,,1893.0,CPR,1896,1896 - First post office built.,,1902 - Unnamed Methodist church; 1903 - Unnamed Presbyterian church; 1908 - Church of Christ; 1920 - Peace Lutheran Church; 1913 - St. James Anglican Church,1900.0,1900 - First schoolhouse opened.,,1903.0,1903 - First resident doctor (Wellington Stephens) set up in town.,1906.0,1906 - First town constable (W. E. Laking) appointed.,1905.0,1905 - Yellow Grass Cemetery established.,1905.0,1905 - The Yellow Grass Rag (renamed The Yellow Grass Journal in 1910); 1910 - The Yellow Grass Herald,,,,
3688,SK172022,SK,172,22,Milestone,T,472,1893.0,"1893 - Founded by CPR, though settlement mostly began in 1900.",1903.0,,1893.0,CPR,1900,1900 - First postmaster appointed and first post office opened.,1903.0,1903 - Milestone Presbyterian Church; 1904 - Milestone Methodist Church; 1906 - Church of Christ; 1907 - St. Aloysius Roman Catholic Church; 1909 - Holy Trinity Anglican Church; ,1902.0,1902 - First schoolhouse opened in Milestone District #595.,,1902.0,1902 - First doctor (Miles La Claire),1904.0,1904 - RNWMP Milestone detachment opened.,1902.0,1902 - Earliest burial in Milestone Cemetery,1906.0,1906 - The Milestone Mail,,,,
3916,SK176057,SK,176,57,Montmartre,VL,287,1893.0,"Pierre Foursin recruited and founded this French colony, with the first colonists arriving in 1893. ",1909.0,,1907.0,CNoR,1907,1907 - First postmaster appointed.,1901.0,1901 - Sacred Heart Mission Roman Catholic Church,1905.0,1905 - First schoolhouse opened.,,1896.0,1896 - First doctor (Dr. Bouju) arrives in Montmartre.,1915.0,1915 - RNWMP depot recorded in Montmartre.,1900.0,1900 - Earliest burial in Sacred Heart Roman Catholic Cemetery,,,1893.0,The colony was founded by the Foncier Society of France.,,
3849,SK175046,SK,175,46,Neudorf,VL,500,1895.0,Establishment of Neudorf marked by the opening of the post office.,1907.0,,1904.0,CPR,1895,1895 - First post office opened.,1896.0,1896 - Trinity Lutheran Church; 1906 - Neudorf Evangelical Church; 1914 - Christ Lutheran Church,1905.0,"1905 - The Henry School, first schoolhouse for Neudorf School #392.",,1909.0,"1909 - First permanent practice in Neudorf, Dr. T.R. Wellwood; Neudorf did have a hospital (closed in 1969) but I can't find any record of when it opened. ",1915.0,1915 - RNWMP depot and reserve operating in Neudorf.,1917.0,"1917 - Earliest burial at Neudorf Cemetery. Earlier burials are likely in church cemeteries, but documentation is difficult to find.",,,,,,https://digitalcollections.ucalgary.ca/asset-management/2R3BF1ODU3JU1
3844,SK175041,SK,175,41,Grayson,VL,222,1896.0,"Village originally named Nieven, settlers started in the area in 1896.",1906.0,,1904.0,CPR,1904,1904 - First postmaster appointed.,1907.0,1907 - Our Lady of Perpetual Help/St. Mary's Roman Catholic Church; 1918 - Zion Lutheran Church,1906.0,1906 - First public school in Grayson opened; 1916 - Ottenhouse Roman Catholic Separate School moved to Grayson.,,1905.0,1905 - First resident doctor (James Moore) in Grayson.,1914.0,1914 - Earliest date given for a village constable (Mr. Johnston).,1901.0,1901 - Earliest burial in St. Mary Cemetery.,1912.0,1912-1913 - The Grayson News,,,,
3926,SK176067,SK,176,67,Vibank,VL,277,1896.0,1896 - Settlement in the area led to the formation of the Tache School District.,1911.0,,1907.0,CNoR,1908,1908 - First postmaster appointed; 1909 - the post office was moved to Vibank townsite.,1903.0,1903 - St. Paul's Roman Catholic Church; 1909 - Emmanuel Lutheran Church.,1914.0,1914 - First schoolhouse in Vibank townsite.,,1919.0,1919 - First resident doctor (Dr. Arpin) in Vibank.,,,1904.0,1904 - Earliest burial in Emmanuel Lutheran Cemetery; 1905 - Earliest burial in St. Paul's Catholic Cemetery.,,,,,,
3887,SK176028,SK,176,28,Rouleau,T,590,1897.0,"1897 - Settlers started arriving to the area, first postmaster appointed.",1903.0,,1893.0,CPR,1897,1897 - First postmaster appointed; 1905 - First stand-alone post office built.,1902.0,1902 - Rouleau Baptist Church; 1903 - St. Andrew's Presbyterian Church; 1903 - Unnamed Methodist church; 1909 - St. John the Evangelist Anglican Church; 1913 - St. Patrick's Catholic Church; 1932 - Apostolic Church,1901.0,1901 - First one-room schoolhouse of Rouleau Public School District #596 built.,,1910.0,1910 - The Rouleau Hospital opens (unclear if it's a standalone or cottage hospital),1904.0,1904 - RNWMP patrolled the area; 1909 - first town constable appointed.,1902.0,1902 - The Rouleau Cemetery established.,1905.0,1905 - The Rouleau Enterprise,1902.0,1902 - Luse Land Company,,
3650,SK171031,SK,171,31,Forget,VL,257,1897.0,"Establishment of first settlement, Alma, left for townsite of Forget where the railway came through.",1904.0,,1904.0,CPR,1904,1897 - First postmaster appointed in Alma; 1904 - First postmaster apppointed in Forget.,1905.0,1905 - Our Lady of La Salette Roman Catholic Church (a previous church had existed but is undated); 1911 - The Union Church (nominally Methodist),1905.0,1905 - First public school in Forget; 1916 - First school of Forget Protestant Separate School opened.,,1910.0,1910 - Earliest dated doctor (L. A. Blagdon) in Forget.,1919.0,1919 - Earliest dated constable (Charles Augey) but law enforcement definitely present before then.,1893.0,1893 - Earliest burial at Our Lady Salette Roman Catholic Cemetery; 1908 - Earliest burial in Mountain View Cemetery,1905.0,1905 - The Forget Mail,,"No company involved, but Monseigneur Jean-Isadore Gaire was instrumental in colonizing the area.",,
4046,SK179018,SK,179,18,Canora,T,1230,1897.0,Exact founding date unclear - I chose the date for the first major block settlement in the area.,1905.0,,1905.0,"CNoR, GTPR",1904,1904 - First postmaster appointed.,1928.0,1928 - Holy Trinity Ukrainian Greek Orthodox Church,1912.0,1912 - Canora Public School existed by then. I believe was built earlier but cannot find a primary source for that.,,1913.0,1913 - Hugh Waddell Memorial Hospital (also known as Canora Hospital),1910.0,1910 - NWMP depot recorded.,1904.0,"Canora Cemetery - I found conflicting dates, one says 1904 another says 1916.",1907.0,1907 - The Canora Advertiser (was renamed the Canora Courier in 1927),1905.0,"1905 - The Doukhobor Trading Company (not sure if this really fits the definition of colonization company, but it was highly influential in the settlement of Canora)",,
3687,SK172021,SK,172,21,Weyburn,C,3193,1898.0,"Conflicting dates for incorporation - Encyclopedia of Sask says 1900, City of Weyburn says 1902.",1900.0,,1893.0,"CPR (first), CNoR, GTPR",1895,1895 - First postmaster appointed.,1899.0,"1899 - a unnamed Methodist church (New Grace Methodist Church, maybe?); 1906 - St. Vincent de Paul Catholic Church and Knox Presbyterian Church constructed same year.",1899.0,1899 or 1900 - conflicting dates for the construction of the stone schoolhouse,,1905.0,1905 - First private hospital; 1913 - Weyburn General Hospital,1912.0,1902 - NWMP/RCWMP may have been in Weyburn but thin sources for this; 1912 is date is the first municipal police force.,1889.0,1889 - Mountain View Pioneer Cemetery; 1916 Horne (Weyburn) Cemetery,1902.0,1902 - The Weyburn Herald; 1909 - The Weyburn Review,1906.0,Between 1901-1906 - J. Heber Haslam,1914.0,
4350,SK185040,SK,185,40,Hague,VL,228,1898.0,"Hague began as the Hague-Osler Mennonite Reserve, established in 1895, but the townsite of Hague was established in 1898.",1903.0,,1890.0,QLSRSC,1896,1896 - First postmaster appointed.,1910.0,1910 - Rosenort Mennonite Church; 1929 - Hague Zion Lutheran Church,1903.0,"First school in Hague undated, but was likely built in 1903.",,,Undated but prior to 1925 - Early doctor (J. M. Uhrich) in Hague.,,,1904.0,1904 - Earliest burial in Old Hague Cemetery,,,,"Undated - Not directly a colonization company, but the financial firm Osler, Hammond, and Nanton were the ones who helped the Mennonites purchase land.",,
4309,SK184039,SK,184,39,Star City,VL,591,1898.0,Settlers/squatters began arriving in the area in 1898.,1909.0,,1905.0,CNoR,1902,1902 - First postmaster appointed.,1908.0,"1908 - St. Thomas Anglican Church; 1911 - St. Adrian Roman Catholic Church; 1912 - Star City Church (Presbyterian or Methodist, unclear); ",1908.0,1908 - First schoolhouse built.,,1906.0,"1906 - No hospital established in Star City, so 1906 is when the first doctor (Dr. L. W. Brigham) opened a practice in the village.",1909.0,1909 - First policemen appointed.,1903.0,1903 - Earliest recorded burial at Star City Cemetery.,1918.0,1918 - The Star City Echo,,,,https://digitalcollections.ucalgary.ca/archive/Star-City---pioneer-days-to-jubilee-year-2R3BF1F3KNBY8.html
4047,SK179019,SK,179,19,Kamsack,T,2002,1899.0,1899 - Large number of Doukhobor settlers arrived; 1903 - Coté First Nation land surrender played a large role in the settling of Kamsack,1905.0,,1904.0,CNoR,1888,1888 - First postmaster appointed.,1889.0,1889 - Presbyterian Mission church associated with Crowstand; 1906 - Holy Trinity Anglican Church; 1907 St. Stephen's house chapel (denomination unclear); 1919 Westminster Memorial (Presbyterian),1889.0,1889 - Crowstand Residential School; 1909 - Central School; 1915 - Cote Federal Day School,1889-1915 Crowstand Residential School; 1915-1940 Cote Federal Day School; 1928-1969 - St. Philip's,1912.0,1912 - Cottage Hospital; 1925 - Kamsack General Hospital,1910.0,1910 - RNWMP depot recorded.,1904.0,1904 - Riverview Cemetery,1908.0,1908 - Kamsack Times,1908.0,1908 - The Kamsack Land Company was formed,,https://www.familysearch.org/library/books/records/item/27955-redirect#page=25&viewer=picture&o=info&n=0&q=
4067,SK179039,SK,179,39,Veregin,VL,299,1899.0,"Settlement of the South Colony, eventually Veregin, started with the arrival of Doukhobor settlers in 1899.",1912.0,,1905.0,CNoR,1906,1906 - First postmaster appointed.,1918.0,"1918 - Veregin Doukhobor Prayer Home (this one replaced one that had burnt down two years earlier, but I have no construction date for that one)",1908.0,1908 - First school in Veregin.,,1919.0,1919 - Only dated mention of a doctor in Veregin (Dr. Ben Victor).,,,1912.0,1912 - Village of Veregin Cemetery established.,,,,,,
4392,SK186028,SK,186,28,Blaine Lake,VL,334,1899.0,Homesteading in the area began in large quantities with the arrival of Doukhobor settlers in 1899.,1912.0,,1911.0,CNoR,1911,1911 - The Gilles settlement post office had been moved to the Blaine Lake townsite.,1912.0,1912 - Blaine Lake Methodist Church; 1913 - Blaine Lake Gospel Church; 1914 - St. Andrew's Roman Catholic Church; 1916 - St. Bartholomew's Anglican Church; 1930 - Blaine Lake Doukhobor Prayer Home; ,1913.0,1913 - Blaine Lake School #2571 was completed or in use.,,,"No dates given for doctors in the community, and hospital access was at the Hafford hospital.",1912.0,1912 - First town constable appointed.,1914.0,1914 - Earliest marked burial in Blaine Lake Community Cemetery,1926.0,1926 - The Blaine Lake Echo,,,,https://digitalcollections.ucalgary.ca/asset-management/2R3BF1F5MEUDV
4065,SK179037,SK,179,37,Theodore,VL,287,1900.0,"Settlement in the area started in 1891, but Theodore's settlement began in 1900.",1907.0,,1902.0,CPR,1893,1893 - First postmaster appointed in the settlement that would become Theodore. ,1907.0,1907 - Theodore United Church (may have originally been Methodist?); 1912 - St. Andrew's Anglican Church; 1916 - Elim Lutheran Church;,1905.0,First stand-alone schoolhouse built 1894 but outside of the current townsite; 1905 - first school in Theodore proper.,,1910.0,1910 - First recorded doctor (W. E. J. Ekins) in Theodore.,1908.0,1908 - First constable (F. Fransen) appointed.,1910.0,1910 - Theodore Cemetery established.,1921.0,1921 - The Theodore Tattler,,,,
3647,SK171028,SK,171,28,Bienfait,VL,260,1900.0,"Settlement in the area began in the 1890s, but was escalated with the establishment of coal mines that grew beginning in 1900.",1912.0,,1892.0,"1892 - Technically the CPR reached Bienfait in 1892, but regular train service did not begin until 1905. 1905 - CPR; 1909 - CNoR",1893,1893 - First postmaster appointed.,1898.0,1898 - Unnamed church (either Presbyterian or Methodist); 1925 - Bienfait Anglican Church; ,,"Undated - a tar-paper shack was the first school in Bienfait, but it is undated. The first dated schoolteacher was from 1908, so may align with the first or second school.",,1906.0,1906 - First resident doctor (unnamed) arrived in Bienfait.,1902.0,1902 - The NWMP were present in Bienfait.,1913.0,1913 - Earliest burial in Bienfait Civic Cemetery.,,,,,,
3658,SK171039,SK,171,39,Manor,VL,210,1900.0,"Though settlement began in the late 1880s, the townsite was established by CPR.",1902.0,,1900.0,"CPR, CNoR",1901,1901 - First postmaster appointed.,1902.0,1902 - Manor Presbyterian Church; 1906 - St. Margaret's Anglican Church;  1907 - Manor Methodist Church (Presb. and Metho. churches united in 1920 to form Manor Knox United Church). ,1903.0,1903 - First schoolhouse in Manor opened.,,1903.0,1903 - First resident doctor (Dr. Hiltz) in Manor.,1910.0,1910 - Earliest mention of a town constable (George Frederick Dunford).,1902.0,1902 - Earliest burial in St. Joseph Cemetery; 1903 - Earliest burial in Manor Cemetery,1910.0,"1910 - Earliest date found for The Manor Advocate, but was likely established earlier.",,,,https://digitalcollections.ucalgary.ca/asset-management/2R3BF1O3KNPV2
4089,SK180019,SK,180,19,Watson,T,396,1900.0,"Originally named Vossen, renamed to Watson in 1906.",1906.0,,1905.0,"CNoR, CPR",1904,1904 - First postmaster appointed (in Vossen).,1906.0,1906 - Unnamed Presbyterian church; 1914 - St. Bride's Anglican Church.,1908.0,1908 - First schoolhouse built.,,1905.0,1905 - First doctors (G. McGorman and R. P. Mulholland) arrive in Watson.,1909.0,1909 - First constable of the town (John J. Sommer) appointed.,1906.0,1906 - Earliest burial in Sacred Heart Roman Catholic Cemetery; 1912 - Earliest burial in Watson Public Cemetery,1907.0,1907 - The Watson Witness,,,,
3889,SK176030,SK,176,30,Strasbourg,T,514,1900.0,"Originally named Strassburg, changed to Strasbourg in 1919. Settlement of the area began in 1885 with the Neu Elsass colony.",1906.0,,1905.0,CPR,1905,1905 - First postmaster appointed.,1906.0,1906 - Unnamed Methodist church; 1907 - St. John Lutheran Church; 1907 b- St. George's Anglican Church; 1910 - Unnamed Presbyterian church,1906.0,1906 - First schoolhouse for Strasbourg School District #1542.,,1906.0,1906 - Strasbourg's first documented midwife; 1914 -- Strasbourg's first cottage hospital. No general hospital was established in Strasbourg.,1908.0,1908 - First mention of a town constable appointed. 1910 - an RNWMP depot was operating in Strasbourg.,1889.0,1889 - Earliest burial in The Old Strassburg Cemetery; 1911 - Earliest burial in Crescent Road Cemetery ,1906.0,1906 - The Strassburg Mountaineer (later The Strasbourg Mountaineer),1906.0,1906 - William Pearson Company Ltd. (described as a settlement promoter); possibly Farmer's North West Land (undated)?,,https://digitalcollections.ucalgary.ca/asset-management/2R3BF1OIQ4OX1 (Vol 1) and https://digitalcollections.ucalgary.ca/asset-management/2R3BF1F5G7MUY (Vol 2)
4057,SK179029,SK,179,29,Preeceville,VL,319,1900.0,"Ranchers were in the area in the 1880s, but homesteading took over starting in 1900. ",1912.0,,1910.0,CNoR,1912,1912 - First postmaster appointed.,1913.0,1913 - St. John Lutheran Church; 1914/1915 - Preeceville Presbyterian Church; ,1913.0,1913 - First schoolhouse in Preeceville opened.,,1935.0,First doctor - possibly Dr. O'Brien (undated)? 1935 - First cottage hospital opened.,1912.0,1912 - First town constable (John Ivaniuk) appointed.,1910.0,1910 - Preeceville Cemetery established.,1922.0,1922 - The Preeceville Enterprise,,,,https://digitalcollections.ucalgary.ca/asset-management/2R34080J6UD3
4357,SK185047,SK,185,47,Osler,VL,109,1901.0,,1904.0,,1890.0,"QLSRSC, CNoR",1891,1891 - First postmaster appointed.,1928.0,"1928 - Osler Mennonite Church (unclear if this is the first church, but only one recorded)",,"""Early 1900s"" prior to 1903 - first school in Osler.",,1915.0,1915 - Early doctor (F. Quitzrau) in Osler.,,,1909.0,1909 - Earliest burial in Osler Cemetery,,,,"Unclear, as E.B. Osler was a founding member of the Canada North West Land Company, and the financial firm Osler, Hammond, and Nanton were the ones who helped the Mennonites purchase land.",,
3663,SK171044,SK,171,44,Stoughton,VL,364,1901.0,"1901 - Settlement began at New Hope, but was abandoned for Stoughton when the railway came through.",1904.0,,1904.0,CPR,1901,1901 - First postmaster appointed.,1905.0,1905 - St. Paul's Anglican Church; 1905 - St. Andrew's Presbyterian Church; 1918 - Grace Methodist Church; 1919 - Zion Lutheran Evangelical Church,1902.0,"1902 - First school in New Hope was built, was moved to Stoughton proper in 1905.",,1903.0,1903 - First doctor (G. M. Robertson) in Stoughton.,,I can't find any info on police/constables in Stoughton. ,1906.0,1906 - Earliest burial in Stoughton Cemetery,1905.0,"1905 - The Stoughton Times (was established prior, but 1905 is earliest date referenced)",,,,
3902,SK176043,SK,176,43,Drinkwater,VL,239,1901.0,,1904.0,,1893.0,"CPR had arrived in Drinkwater by 1893, but exact date is unclear.",1902,1902 - First postmaster appointed.,1903.0,1903 - Zion Presbyterian Church; 1911 - Drinkwater Methodist Church.,1904.0,1904 - First schoolhouse in Drinkwater townsite. 1902 was the first school in the Drinkwater School District.,,1905.0,1905 - First resident doctor (George Boyd) in Drinkwater.,1910.0,1910 - RNWMP depot in Drinkwater. 1914 - Village constable hired (W. Swift).,1914.0,1914 - Earliest burial in Fairview Cemetery.,,,,,,
3651,SK171032,SK,171,32,Frobisher,VL,168,1901.0,"Originally spelled Frobyshire, but was requested to be standardized to Frobisher in 1923.",1904.0,,1892.0,"CPR, GTPR",1902,1902 - First postmaster appointed.,1911.0,1911 - Frobisher Union Church,1903.0,1903 - First school built in Frobisher.,,1913.0,"1913 - Earliest mention of a doctor (M. M. Seymour) in Frobisher, but unclear if doctor practiced in Frobisher or was from outside of the community.",1904.0,"1904 - Council minutes describe the work done by a village constable, so one was likely hired, but no further details available.",1902.0,1902 - Earliest burial in Frobisher Resthaven Cemetery.,1906.0,"By 1906, Frobisher had a newspaper (possibly ""The Frobisher Times""), but no further details available.",,,,https://digitalcollections.ucalgary.ca/asset-management/2R3408NWTRH
4306,SK184036,SK,184,36,Tisdale,T,783,1901.0,1901. - Homesteading in the area began in the Doghide Settlement. ,1905.0,,1905.0,CNoR,1904,1904 - First postmaster appointed.,,"Undated - ""the Methodist church [...] was the first church built in Tisdale""; 1907 - St. Matthew's Anglican Church; 1908 - St. Paul's Presbyterian Church; 1914 - Tisdale Immaculate Conception Roman Catholic Church",1905.0,1905 - Tisdale Public School one-room schoolhouse opened.,,1905.0,"1905 - First resident doctor (Fred J. Hogan); 1925 - a ""temporary"" hospital was established.",1906.0,1906 - Tisdale detachment of the RNWMP formed.,1907.0,1907 - Earliest burial in Tisdale Cemetery.,1906.0,1906 - The Tisdale Monitor,,,,
3851,SK175048,SK,175,48,Rocanville,VL,415,1902.0,"Settlement in the area dates back to 1785 with the fur trade and Fort Esperance, but homestead settlement began in 1882, and the village site established in 1902.",1904.0,,1904.0,CPR,1884,1884 - First postmaster appointed.,1905.0,1905 - Unnamed Presbyterian Church; 1909 - Rocanville Methodist Church; 1911 - St. Thomas Anglican Church,1903.0,"1903 - First school in the village of Rocanville opened. Previous schools had been in Old Rocanville, a different site.",,1904.0,1904 - First doctor (Dr. Bell) in Rocanville.,1895.0,1895 - NWMP depot established at Rocanville.,1888.0,1888 - Earliest burial in The Webster Cemetery,1905.0,1905 - The Exponent; 1910 - The Rocanville Record,,,,
3823,SK175020,SK,175,20,Bredenbury,T,290,1902.0,"Settlement began in the early 1880s, but the townsite started taking shape in 1902.",1911.0,,1888.0,M&NWR,1890,1890 - First postmaster appointed.,1911.0,"Undated, but possibly 1887 - Unnamed Methodist church; 1911 - Knox Presbyterian Church; Undated, but around 1911 - Unnamed Catholic church; undated Anglican church",1905.0,1905 - First school in Bredenbury opened.,,1912.0,1912 - First doctor (Dr. Riggs) in Bredenbury.,1911.0,"1911 - Earliest dated constable (N. McCalder) appointed, replaced in 1912 by J. Churchill.",1908.0,1908 - Earliest burial in Bredenbury Cemetery.,1912.0,1912 - The Bredenbury World (later changed to The Bredenbury Sun),,,,
4147,SK181036,SK,181,36,Dundurn,VL,197,1902.0,,1905.0,,1889.0,QLSRSC,1894,1894 - First postmaster appointed.,1906.0,1906 - Dundurn Methodist Church; 1910 - Dundurn Moravian Brethren Church; 1915 - Unnamed Seventh Day Adventist church ,1902.0,"1902 - first teacher listed for Dundurn, as no date given for school buildings.",,,Undated but around 1903 - First resident doctor (W. Wilson) in Dundurn.,,,1905.0,1905 - Earliest burial in Hillside Gardens Cemetery,1907.0,1907 - Earliest date given for The Dundurn Enterprise.,1902.0,"No company, but an individual - ""It was in 1902 that Dundum started as a village, due to the efforts of E. J. Meilicke, a senator from Minnesota, who induced a number of his friends to come and settle here.""",,https://digitalcollections.ucalgary.ca/asset-management/2R3BF1FJQMX3P
3927,SK176068,SK,176,68,Wilcox,VL,383,1902.0,"1902 - First settlers arrive in Wilcox, brought by the Luse Land Company.",1907.0,,1893.0,CPR,1902,1902 - First postmaster appointed.,1908.0,1908 - Unnamed Methodist church; 1909 - Unnamed Presbyterian church; 1912 - St. Augustine Roman Catholic church; 1918 - St. John Anglican church,1906.0,1906 - The first Wilcox Public School opened.,,1908.0,1908 - First doctor (Montford A. Kendrick) in Wilcox.,1909.0,1909 - First town constable (A. L. Meek) was appointed.,1905.0,1905 - Earliest burial in Wilcox Cemetery.,1908.0,1908 - First documentation of The Wilcox Courier; 1911 - The Wilcox Herald,1902.0,"1902 - The Luse Land Company, along with the Soo Line of CPR, was directly involved in settling Wilcox.",,
3661,SK171042,SK,171,42,Redvers,VL,181,1902.0,,,,1900.0,"CPR (date of arrival unclear, but station was being built in 1909)",1902,1902 - First postmaster appointed.,1906.0,1906 - Redvers Presbyterian Church,1905.0,1905 - Earliest date found for Redvers first schoolhouse.,,,Undated - Early doctor in Redvers (Dr. Arthur).,,,1901.0,1901 - Earliest burial in Redvers Cemetery,1909.0,1909 - The Redvers Observer,,1902-1904 - Colonization Company of St. Paul and Minneapolis,,https://digitalcollections.ucalgary.ca/asset-management/2R3BF1O14EITB
3707,SK172041,SK,172,41,Macoun,VL,195,1902.0,,1903.0,,1883.0,"CPR, CNoR",1903,1903 - First postmaster appointed.,1906.0,1906 - Macoun Presbyterian Church; 1906 - Macoun Methodist Church; 1919 - Bethany Scandinavian Lutheran Church,1904.0,1904 - First schoolhouse in Macoun.,,,,,,1903.0,1903 - Earliest burial in Macoun Cemetery.,,,1910.0,1910 - The Tuttle Land Company,,https://digitalcollections.ucalgary.ca/asset-management/2R3408NWRFL
4134,SK181023,SK,181,23,Hanley,T,312,1902.0,"1883 - Settlers arrive in the area, but the town was founded in 1902 with the arrival of the railway.",1905.0,,1889.0,QLSRSC,1903,1903 - First postmaster appointed.,1906.0,1906 - Unnamed Presbyterian church (also used by Methodists); 1909 - Hanley Lutheran Church; 1913 St. Mary's Anglican Church,1905.0,1905 - First school built in Hanley.,,1904.0,"1904 - Earliest listed doctors (J. W. MacNeil, A. E. Cantelon) listed in Hanley.",1905.0,1905 - Hanley detachment of the RNWMP established.,1905.0,1905 - Earliest burial in Old Hanley Cemetery; 1907 - Earliest burial in Hanley Cemetery,1904.0,1904 - The Hanley Herald,1902.0,1902 - Saskatchewan Valley Land Company,,https://digitalcollections.ucalgary.ca/asset-management/2R3BF1O3XK0HK
3857,SK175054,SK,175,54,Welwyn,VL,259,1902.0,"Colonial presence in the area began with Fort Ellice in 1831, settlers began to homestead in 1883, but the townsite was surveyed in 1902.",1907.0,,1904.0,CPR,1903,"1884 - Original settlement, first postmaster appointed; 1903 - First postmaster appointed at current townsite.",1883.0,1883 - Unnamed Presbyterian church; 1904 - Welwyn Avenue Methodist Church.,1887.0,1887 - First school in Welwyn opened. No clear date for when the first school on the current townsite opened.,,1908.0,"1908 - Early doctor (Dr. Munroe) in Welwyn. First doctor was a Dr. Christie, but his arrival is undated.",,,1905.0,1905 - Welwyn Cemetery is established.,,Welwyn was served by The Moosomin Courier (and subsequent names) but did not seem to have its own newspaper.,,,,
3699,SK172033,SK,172,33,Fillmore,VL,244,1902.0,,1905.0,,1904.0,CPR,1904,1904 - First postmaster appointed.,1909.0,1909 - St. Aloysius Catholic Church; between 1907-1921 - Knox Presbyterian Church and Grace Methodist Church; ,1904.0,1904 - First school in Fillmore built.,,1904.0,1904 - First doctor (Dr. Mahan) arrived in Fillmore.,1910.0,1910 - RNWMP depot in Fillmore.,1905.0,1905 - Earliest burial in Fillmore Memorial Cemetery.,1906.0,1906 - The Fillmore Press,,,,
4356,SK185046,SK,185,46,Muenster,VL,116,1902.0,St. Peter's Colony was the origin point for the formation of the village of Muenster.,1908.0,,1905.0,CNoR,1904,1904 - First postmaster appointed.,1910.0,1910 - St. Peter's Roman Catholic Cathedral,1916.0,1916 - First school built in Muenster.,,,,,,1903.0,1903 - Earliest burial in St. Peter's Roman Catholic Cemetery,,,1902.0,1902 - Volksverein German-American Land Company,,
4156,SK181045,SK,181,45,Kenaston,VL,217,1902.0,"Originally named Bonnington Springs, later renamed Kenaston. Settlement at the townsite began 1902.",1910.0,,1889.0,QLSRSC,1904,1904 - First postmaster appointed.,1909.0,1909 - Kenaston Evangelical Church; 1912 - St. Andrew's Catholic Parish Church; 1912 - St. Columba Anglican Church,1905.0,1905 - First school in Kenaston opened.,,,,,,1902.0,1902 - Earliest burial in Kenaston Public Cemetery; 1907 - Earliest burial in St. Andrew's Cemetery,1927.0,1927-1935 - The Kenaston Courier,,,,https://digitalcollections.ucalgary.ca/asset-management/2R3BF1OX0B61J
4400,SK186036,SK,186,36,Marcelin,VL,212,1902.0,"First townsite of Marcelin began developing in 1902, but was moved to meet the railway in 1911.",1911.0,,1911.0,CNoR,1904,1904 - First postmaster appointed.,1904.0,1904 - St. Joseph Roman Catholic Church,1907.0,1907 - First school in Marcelin opened.,,,Undated but first doctor in Marcelin was Dr. Hopkins.,,,1905.0,1905 - Earliest burial in Marceling Cemetery; 1917 - Earliest burial at Craigmore Cemetery,,,1902.0,"1902 - The town's founder, Antoine Marcelin, actively recruited Europeans to settle Marcelin.",,
3693,SK172027,SK,172,27,Avonlea,VL,310,1902.0,"Settlement in the area started in 1891, but 1902 saw the first settlement near Avonlea, called New Warren.",1912.0,,1911.0,"CNoR (dates given include 1911, 1912, 1913)",1904,1904 - First postmaster appointed.,1912.0,1912 - Hillcrest Methodist Church moved to Avonlea; undated but prior to 1916 - St. Peter's Anglican Church,1913.0,1913 - First schoolhouse built in Avonlea.,,1912.0,1912 - First resident doctor (Henry Watters Dunnet) in Avonlea.,1915.0,1915 - RNWMP Depot in Avonlea.,1908.0,1908 - Earliest burial in Hillcrest Cemetery.,1918.0,undated but prior to 1918 - The Avonlea Advocate,,,,
4393,SK186029,SK,186,29,Borden,VL,160,1902.0,"Originally named Baltimore, renamed Borden in 1905.",1907.0,"Conflicting dates - LHB says 1905, old provincial doc says 1907. Unsure which is correct so using later date.",1905.0,"CNoR (conflicting dates - some sources say 1905, some 1906)",1905,1905 - First postmaster appointed.,1907.0,Prior to 1909 - St. John's Anglican Church; 1907 - Borden Mennonite Brethren Church; 1912 - Borden Presbyterian Church (there may also have been an earlier church but unclear); 1915 - Borden Quaker Meeting House,1906.0,1906 - First school in Borden built.,,1908.0,"1906 - Earliest recorded doctor (R. R. Reynolds) in Borden, but he was not licensed for SK; 1908 - Earliest practicing doctor (Dr. Henderson) in Borden.",1914.0,"1914 - Earliest noted constable (Joe Stahl) for the RM of Great Bend, who must have been formidable as the LHB says of his appointment ""It is likely lawlessness became extinct in short order.""",1900.0,1900 - Earliest burial in Borden Cemetery.,,,,,,https://digitalcollections.ucalgary.ca/asset-management/2R3BF1SJL8J2C
3925,SK176066,SK,176,66,Southey,VL,324,1902.0,1902 - Settlement in the area first began.,1908.0,,1905.0,CPR,1905,1905 - First postmaster appointed.,1907.0,1907 - Southey Baptist Church; 1909 - St. James Roman Catholic Church; 1911 - Emmanuel Lutheran Church; 1912 - Southey Methodist Church; ,1906.0,1906 - Southey one-room schoolhouse opened.,,1911.0,"1911 - G.W. Hutchison is the earliest doctor I could find mentioned; many mentions of ""the hospital"" but I can't find record of it.",1910.0,1910 - First town constable appointed.,1909.0,1909 - Earliest burial in Southey Cemetery,1913.0,1913 - The Southey Review,,Dominion Lands Colonization Company (undated),,https://digitalcollections.ucalgary.ca/asset-management/2R3408NWNWN
4362,SK185052,SK,185,52,Warman,VL,172,1902.0,,1906.0,,1902.0,"CPR (the line was given to CNoR in 1905), QLSRSC",1906,1906 - First postmaster appointed.,1906.0,1906 - Unnamed Presbyterian church; around 1906 - Unnamed Anglican church; 1914 - Unnamed Lutheran church,1906.0,1906 - First school built in Warman.,,1906.0,1906 - Earliest doctor mentioned (Dr. Knipfel).,1906.0,RNWMP division C was active in Warman.,1908.0,1908 - Earliest burial in Warman Cemetery.,,,,,,
4344,SK185034,SK,185,34,Bruno,VL,311,1902.0,,1909.0,,1905.0,"CNoR, GTPR",1906,1906 - First postmaser appointed.,1905.0,1905 - St. Bruno Roman Catholic Church; 1910 - Bruno Anglican Church; 1925 - Ukranian Greek Catholic Church of Holy Trinity,1910.0,1910 - First school opened in Bruno.,,1913.0,"1913 - First mention of medical care, the Emergency Hospital was built.",1915.0,1915 - RNWMP Division F active in Bruno.,1905.0,1905 - Earliest burial in St. Bruno Roman Catholic Cemetery;,1923.0,undated but prior to 1923 - The Bruno Leader,,,,https://www.brunosaskatchewan.com/up-to-now-history-book
3956,SK177028,SK,177,28,Morse,T,559,1902.0,,1910.0,,1902.0,CPR,1906,1906 - First postmaster appointed.,1910.0,Prior to 1911 - Unnamed Methodist church; 1910 - St. Andrew's Anglican Church; 1913 - Unnamed Baptist church; 1917 - The Church of the Nazarene; 1929 - St. Paul's Lutheran Church,1908.0,1908 - First schoolhouse built in Morse School District #1921.,,1909.0,1909 - First doctor (Amos Denovan) comes to Morse.,1910.0,1910 - RNWMP A Troop activity in Morse recorded.,1902.0,1902 - Earliest burial in Memory Lane Cemetery.,1908.0,Between 1908-1910 - The Morse Monitor (later renamed The Morse News),,,,https://digitalcollections.ucalgary.ca/asset-management/2R3408NWL8T
4187,SK182020,SK,182,20,Asquith,T,311,1902.0,,1907.0,,1908.0,1908 - CPR; 1909 - GTPR,1907,1907 - First postmaster appointed.,1906.0,1906 - Asquith Baptist Church; 1907 - St. George's Anglican Church; 1908 - Asquith Presbyterian Church (Methodists also used this church),1908.0,1908 - First school built in Asquith.,,1909.0,1909 - Earliest date for a doctor in Asquith (Dr. Humphreys).,1907.0,1907 - Earliest date for a town constable (Rod Galbraith).,1911.0,1911 - Earliest burial in Asquith Cemetery,1906.0,"1906-1912, unnamed newspaper.",,,,https://digitalcollections.ucalgary.ca/asset-management/2R3BF1O1ULJD1
3922,SK176063,SK,176,63,Regina Beach,VL,379,1902.0,"Settlement in the area began in 1882, but the Pearson Land Company contributed to the formation of the village beginning in 1902.",1920.0,,1911.0,CPR,1912,1912 - First postmaster appointed and post office opened in a store.,1910.0,1910 - St. Bartholomew Anglican Church; 1927 - Regina Beach United Church; 1930 - St. Jerome Catholic Church,1914.0,1914 - First schoolhouse built.,,,"I can find no record of regular health care in Regina Beach due to its status as a resort village, until fairly recently. As of 1989, ""With more and more permanent residents it would be nice, some time down the line, to see a resident Doctor and perhaps a small Bank, but we are progressing and who knows what the future will bring.""",1934.0,1934 - First mention of sustained RCMP presence in the area.,1923.0,1923 - Earliest burial in Regina Beach Cemetery,,,1902.0,1902 - William Pearson Land Company,,https://digitalcollections.ucalgary.ca/asset-management/2R3BF1OWRY641
3790,SK174025,SK,174,25,East End,T,427,1902.0,1902 - The first residence in Eastend was built.,,"Possibly incorporated the same year as the railway arrived, but can't confirm.",1914.0,CPR,1914,1914 - First postmaster appointed.,1916.0,1916 - Unnamed Anglican Church; 1918 - Union Presbyterian Church; 1921 - Unnamed Roman Catholic Church; ,1914.0,1914 - First school opened.,,1915.0,1915 - The first Eastend Hospital established.,1875.0,"1875 - NWMP activity in the area first dates back to the 1870s with the establishment of nearby Fort Walsh, but cannot find a confirmed date for Eastend.",1916.0,1916 - Earliest burial in Riverside Cemetery.,1914.0,1914 - The Eastend Enterprise,,,,
3891,SK176032,SK,176,32,Balcarres,VL,416,1903.0,"Settlement began in 1882, but the townsite was established in 1903 by the coming of CPR.",1904.0,,1904.0,"CPR, GTPR",1884,1884 - First postmaster appointed.,1886.0,1886 - Balcarres Methodist Church; 1905 - St. Andrew's Presbyterian Church; 1906 - St. Paul's Anglican Church; 1917 - St. John's Roman Catholic Church; ,1891.0,1887 - A standalone school in a log shack was operating; 1891 - First purpose-built schoolhouse opened.,1889-1949 - File Hills Residential School,1904.0,1904 - First doctor (R. E. Monteith) served the community. 1928 - First cottage hospital.,1905.0,1905 - RNWMP officer Sgt. Fyffe listed as posted to Balcarres.,1890.0,1890 - Earliest recorded burial at Balcarres Cemetery,1906.0,"1906 - The Balcarres News (renamed The Balcarres Review in 1913, then the Free Lance in 1916, The Balcarres Free Lance in 1917); 1918 - The Western Monitor.",,,,
3890,SK176031,SK,176,31,Abernethy,VL,280,1903.0,"Settlement in the area began in the 1880s, but the townsite of Abernethy was founded in 1903 with the coming of the railway. ",1904.0,,1904.0,"CPR, GTPR",1884,1884 - First postmaster appointed.,,1904 - Christ Church (Anglican) moved to Abernethy; 1905 - Knox Presbyterian Church; 1905 - Abernethy Methodist Church,1906.0,1894 - First school built in the Abernethy School District; 1906 - First school in Abernethy proper was built.,,1904.0,1904 - First doctor (Dr. Aikens) in Abernethy.,1910.0,"1910 - First dated mention of a town constable (A. D. Davey), but he would have been appointed earlier as it says ""to reappoint A.D. Davey as village constable"". Also, this close to Fort Qu'Appelle, the NWMP would have been in the area for quite some time.",1905.0,1905 - Earliest burial in Abernethy Cemetery.,1905.0,1905 - Earliest date found for The Abernethan.,1885.0,1885 - The Primitive Methodist Colonization Company; 1902 - The Ontario and Qu'Appelle Land Company,,https://digitalcollections.ucalgary.ca/asset-management/2R3BF1F334K3J
4060,SK179032,SK,179,32,Sheho,VL,206,1903.0,"While settlement began in 1890, the townsite was established with the coming of the railway.",1905.0,,1904.0,"CPR (1903 or 1904, both dates given)",1891,1891 - First postmaster appointed.,1904.0,1904 - Unnamed Methodist church; 1910 - Unnamed Anglican church; 1923 - Holy Trinity Ukrainian Catholic Church; ,1904.0,1904 - First school in Sheho opened.,,,Undated - first doctor in Sheho (W. E. Somers).,1893.0,1893 - NWMP officer stationed in Sheho (Constable Glendenning).,1918.0,Prior to 1918 - Sheho Cemetery established (1918 is earliest date found).,1907.0,1907 - The Sheho Standard,,,,
4343,SK185033,SK,185,33,Birch Hills,VL,312,1903.0,"Birch Hills began with the nearby settlement of Harperview in 1884, then the townsite itself was established in 1903.",1907.0,,1905.0,CNoR,1895,1895 - First postmaster appointed.,1907.0,undated but possibly around 1905 - Unnamed Methodist church; 1907 - Unnamed Presbyterian church;  1915 - Birch Hills Lutheran Church; 1922 - St. Mary's Anglican Church;,1907.0,"1907 - First schoolhouse in Birch Hills proper was built, though the Harperview School had been established in 1894.",,1904.0,Undated but after 1898 - First doctor in the area was Dr. Alfred Shadd; 1904 - First healthcare provider in the area was a nurse (Sarah Engesetter); 1906 - First resident doctor (George Giles) in Birch Hills.,1909.0,1909 - First town constable (J. H. Snyder) appointed.,1909.0,1909 - Birch Hills Cemetery established.,1914.0,1914 - Birch Hills Gazette,,,,https://digitalcollections.ucalgary.ca/asset-management/2R34080J63LM
3855,SK175052,SK,175,52,Tantallon,VL,174,1903.0,,1904.0,,1904.0,CPR,1897,1897 - First postmaster appointed.,,Between 1903-1909 - Presbyterian manse built in Tantallon (no church until 1929),1904.0,1904 - First school built in Tantallon.,,1903.0,1903 - Early doctor (Charles Flatt) in Tantallon.,,,1892.0,1892 - Earliest burial in Valley View Cemetery.,,,,Undated - Harmony Industrial Association Pioneer Coop.,,
3911,SK176052,SK,176,52,Kronau,VL,66,1903.0,,,,1904.0,CPR,1900,1900 - First postmaster appointed.,1910.0,1910 - Unnamed Lutheran church,1910.0,"1897 - First school built to serve Kronau, but unclear if it was in the eventual village site. 1910 - First school built in Kronau.",,,,,,1891.0,1891 - Earliest burial in Kronau Bethlehem Heritage Cemetery.,,,,,,https://digitalcollections.ucalgary.ca/asset-management/2R3BF1F0GWTDG
4430,SK187023,SK,187,23,Lloydminster (pt),T_PT,469,1903.0,1903 - The Barr Colonist arrived in the area.,1903.0,"1903 was the village incorporation date in Sask, AB was 1906.",1905.0,CNoR,1903,1903 - First postmaster appointed and first post office built.,1903.0,1903 - Log Church of St John (Anglican); unable to find historical record of other churches as this one dominates the founding narrative of Lloydminster.,1906.0,"1906 - The first public school was operating by 1906, though I am unsure of its opening date.",,1906.0,"1906 - A general hospital was operating by 1906, though I am unsure of its opening date.",1903.0,1903 - A NWMP detachment was present.,,Can't find an establishing date or earliest burial date for Lloydminster Cemetery.,1906.0,1906 - The Lloydminster Daily Times,1902.0,1902 - Isaac Barr's colonization companies and co-ops/syndicates,,https://digitalcollections.ucalgary.ca/asset-management/2R3BF1FJKXC39
4132,SK181021,SK,181,21,Davidson,T,652,1903.0,"Originally called Finsbury, but was later called Davidson.",1904.0,,1889.0,QLSRSC,1903,1903 - First postmaster appointed.,1905.0,1905 - Knox Presbyterian Church; 1908 - Unnamed Methodist church; 1912 - All Saints Anglican Church; 1917 - Roman Catholic Church of the Sacred Heart; ,1903.0,1903 - Davidson School Division #888 one room school house was built.,,1914.0,1914 - The General Hospital was opened.,,,1898.0,1898 - Earliest burial in Davidson Cemetery.,1904.0,1904 - The Davidson Leader,,1902 - The Saskatchewan Valley Land Company,,
3710,SK172044,SK,172,44,Osage,VL,109,1903.0,,1906.0,,1904.0,CPR,1903,1903 - First postmaster appointed.,1925.0,1925 - Osage United Church,1905.0,1905 - First school in Osage built.,,1905.0,1905 - Early doctor (Dr. Patterson) in Osage.,,,1907.0,1907 - Earliest burial in Osage Cemetery,,,1901.0,"Around 1901 - ""A John McRae had helped many settlers locate homestead land from a land company that had acquired half breed scrip."" but land company unnamed.",,
3709,SK172043,SK,172,43,Midale,VL,180,1903.0,,1907.0,,1893.0,"CPR, CNoR",1903,1903 - First postmaster appointed.,1908.0,1908 - First Baptist (Swedish Baptist) Church; 1911 - Midale Methodist Church,1905.0,1905 - First schoolhouse in Midael built.,,1904.0,1904 - First resident doctor (Dr. Scott) in Midale.,,,1909.0,1909 - Earliest burial in Westphalia Cemetery,,,1910.0,"1910 - The Tuttle Land Company was operating in the area, though unclear if they impacted Midale specifically.",,https://digitalcollections.ucalgary.ca/asset-management/2R3408NWRFL
3955,SK177027,SK,177,27,Herbert,T,827,1903.0,"Settlement in the area began with ranching in the late 1880s, but the town itself didn't root until 1903.",1904.0,"I can't find an official village incorporation date, only that as a town (1912). 1904 seems to be when Herbert became a village, though unofficially.",1882.0,CPR,1904,1904 - First postmaster appointed.,1908.0,1908 - The Herbert Mennonite Church,1905.0,1905 - The one room Herbert School was built.,,1923.0,1923 - First hospital built in Herbert.,1907.0,1907 - A RNWMP detachment was created in Herbert.,1904.0,1904 - The first cemetery (unnamed) is established.,1911.0,1911 - The Herbert Herald,1903.0,1903 - The Moose Jaw Land Company,,https://digitalcollections.ucalgary.ca/archive/Bittersweet-years---the-Herbert-story-2R3BF1F5GVNC0.html
3838,SK175035,SK,175,35,Dubuc,VL,223,1903.0,1903 - Townsite established by CPR.,1905.0,,1904.0,CPR,1904,1904 - First postmaster appointed.,1907.0,1907 - Dubuc Community Church (later renamed Dubuc Presbyterian); 1910 - New Sweden Lutheran Church (later renamed First Lutheran),1904.0,1904 - First school in Dubuc opened.,,1905.0,1905 - First resident doctor (W. C. Arnold) in Dubuc.,,,1904.0,1904 - Earliest burial in Dubuc Cemetery.,1910.0,1910 - The Dubuc Courer; 1911 - The Dubuc Enterprise,,,,
3714,SK172048,SK,172,48,Tyvan,VL,178,1903.0,,1905.0,,1904.0,CPR,1904,1904 - First postmaster appointed.,1907.0,1907 - Tyvan Presbyterian Church; 1907 - Holy Trinity Anglican Church; ,1905.0,1905 - First schoolhouse in Tyvan opened.,,1906.0,"1906 - Early, possibly first, doctor (A. N. Alburn Hardy) in Tyvan.",1912.0,"1912 - Earliest mention of village council hiring a constable, but no other details given.",1905.0,1905 - Earliest burial in Tyvan Cemetery,1907.0,1907-1908 - The Tyvan Signal; 1916-1917 - The Tyvan Resource,1901.0,"Multiple land companies operated in the Tyvan area: undated - The Porter Land Co., The Mills Bro. Land Co., McCrae Land Co., and Hazlemont and Wright; 1901 - The J. H. Haslam Land Co.; 1902 - The R. R. Stoner Land Co.",,https://digitalcollections.ucalgary.ca/asset-management/2R3BF1FJYZL6C
3853,SK175050,SK,175,50,Stockholm,VL,174,1903.0,"New Stockholm Colony (sometimes called Ohlen) was first settled in 1886, but the townsite was founded in 1903.",1905.0,,1904.0,CPR,1904,1904 - First postmaster appointed.,1895.0,1895 - Swedish Mission Church; 1896 - New Stockholm Lutheran Church; 1904 - Stockholm Presbyterian Church; 1916 - Stockholm Baptist Church,1894.0,"1888 - New Stockholm School Division established (school construction date missing), school moved to present location in 1895; 1908 - Stockholm Public School built.",,1907.0,1907 - First resident doctor only stayed a short while (Dr. Middleton).,,,1890.0,1890 - First burial in Swedish Mission Church Cemetery; 1892 - Earliest burial at New Stockholm Lutheran Cemetery; 1905 - Earliest burial at Stockholm Village Cemetery.,,,1883.0,"1883 - land agent Emanuel Ohlen ""was instrumental in bringing us our first settlers""; undated but around 1905 - Canada Northwest Land Company",,
3698,SK172032,SK,172,32,Creelman,VL,194,1903.0,"Originally called Hazel, CPR renamed it to Creelman in 1904.",1906.0,,1904.0,CPR,1904,1904 - First postmaster appointed.,1905.0,"1905 - Unnamed Presbyterian church; 1911 - Lots purchased for All Saints Anglican Church, but no construction date given;  ",1905.0,1905 - First school in Creelman built.,,1909.0,"Undated - first doctor in Creelman (Dr. Hammill); 1909 - Next doctor, given a date (Dr. Grier); 1918 - Creelman Hospital opened.",1912.0,1912 - First mention of a village constable (J. Widdifield) in Creelman.,1906.0,1906 - Earliest burial in Creelman Cemetery.,1908.0,1908 - The Creelman Gazette.,,,,
4340,SK185030,SK,185,30,Vonda,T,383,1903.0,1903 - Vonda established with the coming of CNoR.,1905.0,,1905.0,CNoR,1905,1905 - First postmaster appointed.,1907.0,1907 - Vonda Presbyterian Church; 1907 - St. Philippe de Neri Roman Catholic Church; 1908 - St. Paul's Anglican Church,1905.0,1905 - First one-room schoolhouse built.,,1905.0,1905 - First doctor (William MacKay) in Vonda.,1915.0,1915 - RNWMP Division F active in Vonda.,1904.0,1904 - First burial in St. Philippe de Neri Cemetery; 1907 - Earliest burial in Vonda Community Cemetery.,1916.0,"1916 - The Vonda Signet (earliest date found, may have been established earlier)",,,,
3913,SK176054,SK,176,54,Lipton,VL,273,1903.0,Settlers started arriving in 1877. Notable settler groups include a group of Deaf Mute settlers and settlers from the Jewish Colonization Association. The townsite was surveyed in 1903.,1905.0,,1904.0,CPR,1905,1905 - First postmaster appointed.,1905.0,1905 - Lipton Presbyterian Church; 1906 - St. Michael's and All Angels Anglican Church; 1916 - Holy Trinity Lutheran Church,1907.0,"Construction date of first school in Lipton unclear, but was between 1905-1907.",,1905.0,1905 - First doctor (A. S. Martin) in Lipton.,1919.0,1919 - Earliest dated mention of town police officer (N. M. Larsen) in Lipton.,1900.0,1900 - Earliest burial in Lipton Memorial Gardens Cemetery; 1902 - Earliest burial in Lipton Jewish Cemetery; 1915 - Holy Trinity Lutheran Cemetery established.,,,1901.0,1901 - Jewish Colonization Association,,
4432,SK187025,SK,187,25,Lashburn,VL,331,1903.0,"Related to Lloydminster, settlement began with the arrival of the Barr colonists.",1906.0,,1905.0,CNoR,1905,1905 - First postmaster appointed. First mention of post office is in 1906.,1908.0,1908 - All Saints Anglican Church; 1911 - Lashburn Methodist Church; 1911 - Unnamed Presbyterian church,1908.0,1908 - Lashburn Public School opened.,,1906.0,First doctor (A. B. MacKenzie) in 1906; 1909 - Lashburn Cottage Hospital opened (closed 1970). ,1907.0,1907 - RNWMP detachment in Lashburn established.,1908.0,1908 - Earliest dated burial in Lashburn Cemetery,1906.0,1906 - The Lashburn Times; 1907 - The Lashburn Record; 1908 - The Lashburn Comet,,,,https://digitalcollections.ucalgary.ca/asset-management/2R3BF1F5JABXT?&WS=SearchResults&Flat=FP
4066,SK179038,SK,179,38,Togo,VL,298,1903.0,"Originally named Pelly Siding, was changed to Togo in 1906, named after Admiral Togo from the Russo-Japanese War.",1906.0,,1904.0,CNoR,1905,1905 - First postmaster appointed.,1909.0,"undated, but possibly first - Unnamed Methodist church; 1909 - Unnamed Presbyterian church; 1911 - All Saints Anglican Church",1905.0,"1905 - First standalone school, the Primary School, built in Togo.",,1904.0,1904 - First doctor (A. J. Leach) in Togo.,,,1904.0,1904 - Earliest burial in Togo and District Cemetery.,,,,,,
3904,SK176045,SK,176,45,Earl Grey,VL,269,1903.0,,1906.0,,1905.0,CPR,1905,1905 - First postmaster appointed.,1908.0,1908 - Unnamed Presbyterian church; 1908 - Unnamed Methodist church; 1910 - Christ Lutheran Church; ,1905.0,1905 - First schoolhouse built.,,1905.0,1905 - First doctor for the RM of Longlaketon (Dr. Wilson).,1909.0,1909 - First village constable (Joseph Cole) appointed.,1905.0,1905 - Earliest burial in Earl Grey Municipal Cemetery.,1906.0,1906 - The Earl Grey Gazette and Last Mountain Recorder; 1914 - The Earl Grey Coronet (earliest date I could find).,1905.0,1905 - Pearson Land Company.,,
4190,SK182023,SK,182,23,Delisle,T,273,1903.0,,1908.0,,1908.0,CNoR,1905,1905 - First postmaster appointed.,1906.0,1906 - St. Ann's Catholic Church; 1912 - Delisle Union Church; 1912 - Christ Church Anglican,1910.0,1910 - First date for school building in Delisle.,,1912.0,Undated - earliest mentioned doctor in Delisle (A. K. Cameron). 1912 - Earliest date for Nurse Rose Redding in Delisle.,,,1904.0,1904 - Earliest burial in Avondale Woodlawn Cemetery; 1907 - Earliest burial in Fron Lutheran Cemetery; 1908 - Earliest burial in Old Delisle Cemetery; ,1908.0,1908 - The Delisle Advocate.,,,,
4360,SK185050,SK,185,50,Wakaw,VL,387,1903.0,,1911.0,,1912.0,GTPR,1905,1905 - First postmaster appointed.,1917.0,"1917 - Wakaw Baptist Church; undated but prior to 1920 - St. Mary's Roman Catholic Church (""for the Hungarians"") and St. Stephen's RC Church (""for the Germans and other nationalities""), later combined into St. Elizabeth's Parish; 1918 - Wakaw United Church; 1924 - St. Theresa RC Church",1915.0,1915 - First schoolhouse built.,,1906.0,1906 - Creation of Geneva Mission Hospital on Lake Wakaw.,1915.0,1915 - RNWMP Division F active in Wakaw.,1911.0,1911 - Earliest burial in Wakaw Cemetery.,1912.0,1912 - The Wakaw Recorder,,1902 - The German American Land Company was active in the area.,,
4104,SK180034,SK,180,34,Margo,VL,97,1903.0,,1911.0,,1905.0,CNoR,1905,1905 - First postmaster appointed.,1911.0,1911 - Moe Lutheran Church; 1912 - St. Paul's Anglican Church; 1914 - Knox Presbyterian Church,1909.0,1909 - First school built in Margo.,,1902.0,1902 - Early area doctor (Dr. Batchelor) in Margo.,,,1908.0,1908 - Earliest burial in Margo Village Cemetery.,,,,,,
4133,SK181022,SK,181,22,Govan,T,495,1903.0,Settlement and land prospecting of the area began.,1909.0,,1907.0,CPR,1906,1906 - First postmaster appointed.,1908.0,1908 - Unnamed Methodist Church; 1910 - Our Lady of Lourdes Catholic Church; 1911 - Govan Anglican Church; 1911 - Unnamed Presbyterian Church; ,1908.0,1908 - First one room schoolhouse opened.,,1907.0,1907 - Govan's first resident doctor arrived. No hospital was ever established.,1910.0,1910 - First mention of a town constable I could find.,1909.0,1909 - Establishing date and earliest burial in Govan Cemetery,1907.0,1907 - The Prairie News,,,,https://digitalcollections.ucalgary.ca/asset-management/2R3BF1OFM4IHN
4053,SK179025,SK,179,25,Insinger,VL,76,1903.0,,1913.0,,1902.0,M&NWR,1907,1907 - First postmaster appointed.,1905.0,1905 - St. Mary's Ukrainian Greek Orthodox Church,1921.0,1921 - First school opened in Insinger.,,,,,,1899.0,1899 - Earliest burial in St.  Mary Ukrainian Orthodox Cemetery; 1903 - Earliest burial in Sts. Peter and Paul Ukrainian Orthodox Cemetery;,,,,,,
4099,SK180029,SK,180,29,Kelliher,VL,320,1903.0,,1909.0,,1908.0,GTPR,1908,1908 - First postmaster appointed.,1909.0,1909 - Kelliher Anglican Church; 1910 - Bethel Lutheran Church; 1921 - Unnamed Presbyterian church,1909.0,1909 - First schoolhouse in Kelliher opened.,,1909.0,1909 - First doctor (Dr. Middleton),1910.0,1910 - First town constable (A. Belcher) appointed.,1905.0,1905 - Earliest burial in Kelliher Lutheran Cemetery; 1908 - Earliest burial in Kelliher Cemetery,1910.0,1910 - The Kelliher Star,,,,https://digitalcollections.ucalgary.ca/asset-management/2R3BF1F0GW5JT
4095,SK180025,SK,180,25,Ituna,VL,335,1903.0,"Settlement in the area began in the 1880s, but homesteading became prevalent in 1903.",1910.0,,1907.0,GTPR,1909,1909 - First postmaster appointed.,1910.0,1910 - St. George Anglican Church; 1919 - Sacred Heart Ukranian Catholic Church; 1923 - Holy Trinity Ukranian Orthodox Church,1909.0,1909 - First school built for Fruit Vale #2240.,,1908.0,"First doctor (Dr. Turrell), possibly in 1908 - date is unclear. Ituna Union Hospital was built in the 1940s.",,Town constables are mentioned but given no dates - RCMP presence isn't discussed until the '60s.,1918.0,1918 - Earliest marked burial in Ituna and District Cemetery; 1922 - Earliest marked burial for Sacred Heart Cemetery; ,1910.0,1910-1911 - The Ituna Anvil; 1921-1922 - The Ituna Times,,,,https://digitalcollections.ucalgary.ca/asset-management/2R3BF1SJLDXYV
4021,SK178042,SK,178,42,Prelate,VL,446,1903.0,1903 - the founding of the Montgomery Ferry marks the beginning of settlement of Prelate.,1914.0,,1913.0,"CPR (CPR was there by 1915 at the latest, but may have arrived earlier)",1913,1913 - First post office opened.,1919.0,1919 - St. Angela's Ursuline convent opens. Undated churches - Prelate Ukranian Orthodox Church; the Anglican Church; the Union Church (Presbyterian and Methodist) ,1914.0,1914 - First schoolhouse opens.,,1911.0,1911 - First doctor (W. M. Anderson) arrived in Prelate. The Prelate Hospital opened in 1930.,1907.0,"1907 - A RNWMP detchament, Montgomery's Landing Detachment, was established in the area.",1918.0,1918 - Earliest burial in Prelate Cemetery,,,,,,https://digitalcollections.ucalgary.ca/asset-management/2R3BF1F0GG99V
3706,SK172040,SK,172,40,Lang,VL,341,1904.0,Settlers arrived en masse in 1904.,1906.0,,1893.0,"CPR, possibly 1893? Dates are unclear.",1904,1904 - First postmaster appointed.,1906.0,1906 - Lang Presbyterian Church; 1907 - St. John Lutheran Church; 1907 - Lang Methodist Church; 1928 - St. Theresa's Mission (Roman Catholic),1905.0,1905 - First schoolhouse opened.,,1906.0,1906 - Earliest doctor mentioned (N. Aikins) in Lang.,,"No info besides an undated ""the village had a policeman"".",1906.0,1906 - Earliest burial in Lang Cemetery,,,1906.0,1906 - The Lang Land Company,,
4141,SK181030,SK,181,30,Bladworth,VL,198,1904.0,,1906.0,,1889.0,QLSRSC,1904,1904 - First postmaster appointed.,1910.0,1910 - Bladworth United Church,1907.0,1907 - First schoolhouse in Bladworth.,,1907.0,1907 - Earliest mention of first resident doctor (J. Fyfe) in Bladworth.,,After 1913 - Earliest mention of a town constable (Thomas Ashby).,1904.0,1904 - Earliest burial in Bladworth Cemetery.,1907.0,1907 - Earliest date given for The Bladworth Progress,1903.0,1903 - Saskatchewan Valley Land Company,,https://digitalcollections.ucalgary.ca/asset-management/2R3BF1OA0UC7J
4061,SK179033,SK,179,33,Springside,VL,170,1904.0,,1909.0,,1902.0,CPR,1904,1904 - First postmaster appointed. (And served as such until 1950!),1910.0,1910 - Springside Methodist Church; 1920 - St. John's Anglican Church,1905.0,1905 - First school built in Springside.,,,Undated - early doctor in Springside (Dr. Pemberton).,1911.0,1911 - First village constable (Wilfred Harrison) in Springside.,1903.0,1903 - Earliest burial in Springside Cemetery.,,,,,,https://digitalcollections.ucalgary.ca/asset-management/2R3BF1OWRRRRR
3708,SK172042,SK,172,42,McTaggart,VL,80,1904.0,,1909.0,,1893.0,"CPR - Earliest date given is 1906, but may have come through in 1899.",1904,1904 - First postmaster appointed.,1905.0,1905 - McTaggart Baptist Church; 1905 - McTaggart Presbyterian Church; 1905 - McTaggart Methodist Church; 1912 - St. Andrew's Anglican Church; 1920 - St. Joan of Arc Roman Catholic Church,1905.0,1905 - First school opened in McTaggart.,,1909.0,1909 - First village Health Officer (Dr. Bigham) in McTaggart.,1909.0,1909 - First village constable (Jeremiah (Jerry) Doodie) in McTaggart.,1899.0,1899 - Earliest burial in McTaggart Cemetery.,,,,,,
4191,SK182024,SK,182,24,Langham,T,430,1904.0,"Settlement in the area began with the arrival of Doukhobors in 1899, but 1904 is seen as the establishing date due to the arrival of the railway.",1905.0,Different sources have different dates of incoproration - 1905 or 1906.,1905.0,CNoR,1905,1905 - First postmaster appointed.,1905.0,"1905 - Unnamed Presbyterian Church; 1907 - Bethesda Mennonite Church; 1907 - St. Paul's Anglican Church; 1910 - St. Mark's Catholic Church; 1910 (possibly? date unclear) - Zoar Mennonite Church; 1912 - Langham Seventh Day Adventist Church; 1914 - First Saskatchewan Lutheran Church (name, not fact); 1917 - Emannuel Hutterite Church; Undated (perhaps 1918? 1919?) - Neuhoffnung Mennonite Brethern Church;",1906.0,1906 - First schoolhouse built.,,1906.0,"1906 - ""One doctor leaves town"" this year is the only record related to a first doctor.",1907.0,1907 - First town constable (Thomas Jamison) appointed.,1905.0,1905 - First registered grave at Langham Cemetery,1910.0,1910 - Langham Weekly News,,,,
4390,SK186026,SK,186,26,North Battleford,C,4108,1904.0,1904 - Founded by CNoR,1906.0,,1905.0,"CNoR (first), GTPR",1905,1905 - FIrst postmaster appointed.,,Unable to find info on early North Battleford churches.,1908.0,1908 - First school building opened in North Battleford.,,1905.0,1905 - First doctors in North Battleford (W. R. Sparling and W. H. Brown).,,Undated - early Chief Constable (John R. Morrison) in North Battleford.,1903.0,1903 - Earliest burial in North Battleford Municipal Cemetery,,,,,,
3656,SK171037,SK,171,37,Kisbey,VL,261,1904.0,"First settlement began in 1881, but the townsite was established with the coming of the railway.",1907.0,,1904.0,CPR,1905,1905 - First postmaster appointed.,1914.0,1914 - St. Michael and All Angels Anglican Church; 1923 - Kisbey Union Church.,1905.0,1905 - First schoolhouse built in Kisbey.,,1901.0,1901 - First dated doctor was for the district (Dr. Watkin); 1907 - First resident doctor (Dr. McLeod).,1908.0,"1908 - Only dated mention of law enforcement in Kisbey (""a silent policeman was placed at the corner of James Street and Railway Avenue to direct and control traffic"").",1898.0,1898 - Earliest burial in Percy Kisbey Cemetery.,1922.0,"1922 - Earliest date for The Kisbey Standard, but was definitely established earlier.",,,,
4341,SK185031,SK,185,31,Aberdeen,VL,196,1904.0,"Prior to 1904, place was named Dueck, but changed to Aberdeen.",1907.0,,1905.0,CNoR,1905,1905 - First postmaster appointed.,1910.0,1910 - Aberdeen Mennonite Church; 1910 - Aberdeen Presbyterian Church,1909.0,1909 - First schoolhouse in Aberdeen.,,1908.0,Undated - first resident doctor (A. E. Ross) in Aberdeen; 1908 - Earliest dated doctor in Aberdeen (J. M. Holmes).,1912.0,1912 - Earliest mention of a village policeman (unnamed).,1905.0,1905 - Earliest burial in Aberdeen Cemetery,1908.0,"1908 - Earliest mention of Aberdeen News, but unclear if this was a newspaper or an informal local bulletin.",,,,https://digitalcollections.ucalgary.ca/asset-management/2R3BF1O141EC2
3845,SK175042,SK,175,42,Killaly,VL,146,1904.0,"Settlement in the area began in 1890, but townsite was founded with the coming of the railway.",1909.0,,1904.0,CPR,1905,1905 - First postmaster appointed.,1911.0,1911 - Unnamed Catholic church; 1926 - Killaly Lutheran Church,1912.0,"1912 - Earliest date given for school in Killaly, as earlier records have been destroyed.",,,,,,1909.0,1909 - Earliest burial in St. Elizabeth Roman Catholic Cemetery,,,,,,
4088,SK180018,SK,180,18,Wadena,T,544,1904.0,1904 - When settlers started putitng up buildings on what would become the townsite.,1910.0,,1905.0,CNoR,1905,1905 - First postmaster appointed.,1908.0,1908 - Wadena United Church (Presbyterian + Methodist); 1910 - St. Mary's Roman Catholic Church; 1914 - St. John's Anglican Church; 1911 - Wadena Baptist Church; ,1906.0,1906 - First schoolhouse opened to enrollment.,,1920.0,1920 - Wadena Union Hospital was built.,1906.0,1906 - RNWMP detachment stationed at Wadena.,1905.0,1905 - Earliest burial in Wadena cemetery.,1908.0,1908 - The Wadena Herald (later renamed The Wadena News) ,,Saskatchewan Valley Land Company (undated),,
4139,SK181028,SK,181,28,Watrous,T,1101,1904.0,"1904 - Settlement begins in Mandal, which is later moved to the GTPR line that becomes Watrous.",1908.0,,1907.0,"GTPR, CPR",1906,1906 - First post office opened in Mandal. 1908 - Post office is moved to Watrous proper.,1909.0,1909 - All Saints Anglican Church; 1909 - The Methodist Church; 1916 - St. Olaf's Norwegian Lutheran Church; (sometime between 1910-1923) St. Ann's Roman Catholic Church; 1924 - The Union (Presbyterian?) Church,1906.0,1906 - First public school built in Mandal; 1909 - First public school built in Watrous proper,,1914.0,1914 - First hospital (unnamed) established.,1909.0,1909 - RNWMP presence in Watrous (William Grennan),1889.0,1889 - First burial in Watrous Cemetery.,1908.0,1908-1941 - The Watrous Signal; 1911-1916 - The Watrous Post; 1933-present - The Watrous Manitou,1906.0,Saskatchewan Valley Land Company (date unsure - possibly 1906); William Pearson Land Company (earliest date I could find was 1910); E. P. Cole Land Company (undated),,https://www.watrousheritage.ca/wp-content/uploads/2021/04/WatrousWheelsOfTime-HistoryOfWatrous1955.pdf
4136,SK181025,SK,181,25,Nokomis,T,547,1904.0,1904 - Homesteading began in the area.,1908.0,,1907.0,"CPR (first), GTPR",1906,1906 - First postmaster appointed; 1907 - First post office built in Nokomis townsite.,1908.0,"1908 - Anglican Church; 1911 - Baptist Church; 1920 - Roman Catholic Church; Constructed prior to 1918 - Christ Church, Presbyterian Church, Methodist Church",1909.0,1909 - First standalone school in Nokomis built.,,1908.0,"1908 - First hospital built (surprisingly, not a cottage hospital)",1910.0,"1910 - First chief of police appointed, and an RNWMP depot was listed in the area.",1907.0,1907 - Earliest burial in Nokomis Cemetery.,1908.0,1908 - The Nokomis Times,1910.0,1910 - The Carter Land Company,,https://static1.squarespace.com/static/60a5367f7d500f4249b1b003/t/622cb483028bab65849d3a7e/1647096964853/junction-town.pdf
4199,SK182032,SK,182,32,Harris,VL,258,1904.0,"1904 - The original Harris colony was established, but moved to meet the railway in 1908.",1909.0,,1908.0,CNoR,1906,1906 - First postmaster appointed.,1905.0,1905 - Unnamed Union church (unclear if Presbyterian or Methodist); 1909 - Our Lady of Good Council Catholic Church; 1912 - St. Thomas Anglican Church; ,,"Unclear, but seems like the first school in Harris was built between 1909-1913.",,,"Undated, but early doctors were Drs. Tessier, Deyell, Strickland, Ketchum, Gordon, Anhaussier, Meeking, Muller.",,"Undated, but early town constables were John Rowe, N. L. Danard, Chas. Vittitoe, and Wm. Peat.",1905.0,1905 - Earliest burial in Cherry Hill Cemetery.,,,,,,
4193,SK182026,SK,182,26,Zealandia,T,245,1904.0,,1909.0,,1908.0,"CNoR, CPR",1906,1906 - First postmaster appointed.,,No churches built by 1910.,1910.0,1910 - A Public School had been built by 1910.,,1910.0,"1910 - At this time, Zealandia has two doctors (unnamed).",1910.0,"1910 - By this time, RNWMP had a detachment in Zealandia.",1908.0,1908 - Earliest burial in Zealandia Cemetery.,1910.0,"1910 - It's possible Zealandia had a newspaper by this time, or perhaps just a newspaper store - ""One Newspaper, Stationary Store in Connection"". Unnamed.",,,,
3903,SK176044,SK,176,44,Dysart,VL,189,1904.0,"Though settlement had occurred around Dysart since the 1880s, the townsite was established by the railroad survey in 1904.",1909.0,,1905.0,CPR,1906,1906 - First postmaster appointed.,1906.0,1906 - St. George Romanian Orthodox Church; 1906 - St. John the Baptist Ukrainian Catholic Church; 1913 - St. Cuthbert Anglican Church,,Undated but likely around 1905 - First school in Dysart built.,,,,,,1908.0,1908 - Earliest burial in St. George Romanian Orthodox Cemetery; 1913 - Earliest burial in St. John the Baptist Ukrainian Catholic Cemetery; 1915 - Earliest burial in Dysart Cemetery,1913.0,1913 - The Clincher,,,,
4404,SK186040,SK,186,40,Ruddell,VL,96,1904.0,"Originally named Lucerne, later renamed to Ruddell.",1914.0,,1905.0,CNoR,1906,1906 - First postmaster appointed.,1906.0,1906 - Cavan Presbyterian Church;,1907.0,1907 - First school opened in Ruddell.,,1907.0,1907 - First resident doctor (Dr. Wheaten) in Ruddell.,,,1915.0,1915 - Earliest burial in Ruddell Cemetery.,1906.0,1906 - The Ruddell News (only published three editions).,,,,https://digitalcollections.ucalgary.ca/asset-management/2R3BF1OHWIN32
4143,SK181032,SK,181,32,Broderick,VL,120,1904.0,"For a short time, there were two towns side-by-side - Broderick had grown on its own, and then when CPR came through, another was briefly called Wilkinsons.",1909.0,,1909.0,CPR,1907,1907 - First postmaster appointed.,1910.0,1910 - Unnamed church (likely Presbyterian or Methodist but unclear); 1911 - Sts. Peter and Paul Roman Catholic Church; ,1910.0,1910 - First school built in Broderick.,,1910.0,1910 - Earliest mention of a doctor (Dr. Knipfel) in Broderick.,,,1904.0,1904 - Earliest burial in Sts. Peter and Paul Roman Catholic Cemetery.,,,,,,https://digitalcollections.ucalgary.ca/archive/Milestones---Memories-2R3BF1SJLDQT3.html
4109,SK180039,SK,180,39,Semans,VL,450,1904.0,,1908.0,,1908.0,GTPR,1908,1908 - First postmaster appointed.,1909.0,"1909 - Unnamed Presbyterian church; 1911 - Semans Methodist Church; 1912 - St. Leonard's Anglican Church (source mentions a possible earlier building, but no date given)",1918.0,"1918 - First date given for a schoolhouse, but an earlier building is mentioned without a date attached.",,1912.0,1912 - First doctor with a date (J. P. I Clancy),,,1908.0,1908 - Semans Cemetery was established.,1909.0,1909 - The Semans Gazette,,,,
4207,SK182040,SK,182,40,Perdue,VL,358,1904.0,1904 - Early settler accounts in the area begin at this date.,1909.0,,1908.0,"CPR, GTPR",1908,1908 - First postmaster appointed.,1909.0,1909 - St. Cuthbert Anglican Church; 1910 - Unnamed Methodist church; 1910 - Perdue Roman Catholic Church,1909.0,1909 - First schoolhouse opened.,,1907.0,"1907 - First doctors (J. B. Snyder, Samuel Dickey) in Perdue.",,,1905.0,1905 - Earliest burial at Leney Cemetery,1909.0,1909 - The Perdue Witness (later renamed The Perdue Record),,,,
4244,SK183029,SK,183,29,Unity,T,611,1904.0,,1909.0,,1908.0,1908 - GTPR; 1909 - CPR,1909,1909 - First postmaster appointed.,,,1909.0,1909 - Unity's first schoolhouse built.,,1911.0,1911 - Unity's first hospital opened (unsure if municipal or cottage); a new one was built in 1923.,1910.0,1910 - RNWMP Division C was present in Unity; an undated RNWMP barracks also existed in Unity.,1915.0,1915 - Earliest burial in Pleasant View Cemetery.,1909.0,"1909 - The first (unnamed) newspaper published in Unity; 1936 - The Unity Courier (first found date, likely opened earlier)",,,,
4353,SK185043,SK,185,43,Kinistino,VL,382,1905.0,"While settlement in the area began in 1878 with the Carrot River Settlement, Kinistino proper was established in 1905 when the hamlet was moved to meet CNoR.",,,1905.0,CNoR,1883,1883 - First postmaster appointed.,1905.0,1905 - Unnamed Presbyterian church; 1905 - Zion Evangelical Lutheran Church; 1910 - St. George's Anglican Church (may have been built prior - this is first date given); 1914 - Unnamed Methodist church; 1929 - Unnamed Roman Catholic church,1903.0,1903 - First one-room schoolhouse built.,,1896.0,"1896 - Early doctor (Dr. Alfred Shadd) but may not be the first. Notable as one of, if not the first, doctor of African ancestry in Western Canada.",,,1907.0,1907 - Kinistino Cemetery is established.,1906.0,1906 - The Kinistino Echo,,,,
3665,SK171046,SK,171,46,Wawota,VL,245,1905.0,"A post office has been present at Wawota since 1884, but the townsite established by CPR in 1905.",1907.0,,1906.0,"CPR, CNoR",1884,1884 - First postmaster appointed.,1906.0,1906 - Wawota Free Methodist Church; 1914 - St. Mary's Anglican Church,1908.0,1885 - First schoolhouse in Wawota (Little Pipestone) school district opened. 1908 - First schoolhouse in Wawota townsite opened.,,1905.0,"1905 - First resident doctor (Dr. Glendenning, possibly Clendenning, as both spellings are present).",,,1918.0,"1918 - Earliest dated burial in Wawota Cemetery. Likely missing an earlier cemetery, as this is a very late date for the age of the settlement.",1925.0,Undated - The Wawota Gossip was the first newspaper; 1925 - First dated mention of The Wawota Gleam,,,,
4405,SK186041,SK,186,41,Shellbrook,VL,402,1905.0,"1892 - Settlement in the area began, but the town was established by 1905.",1909.0,,1910.0,CNoR,1894,1894 - First postmaster appointed.,1910.0,1910 - St. Andrew's Anglican Church; 1911 - St. Agatha's Roman Catholic Church; 1912 - Unnamed Presbyterian Church,1911.0,1911 - First schoolhouse in Shellbrook opened.,,1902.0,1902 - First resident doctor (Dr. Austin).,1910.0,1910 - RNWMP Division F active in Shellbrook.,1878.0,1878 - Earliest burial in Shellbrook Cemetery,1912.0,1912 - The Shellbrook Chronicle,,,,
4363,SK185053,SK,185,53,Weldon,VL,150,1905.0,,1914.0,,1905.0,CNoR,1895,1895 - First postmaster appointed.,1915.0,1915 - Weldon Lutheran Church,1905.0,1905 - First school in Weldon opened.,,,,,,1904.0,1904 - Earliest burial in Weldon Lutheran Cemetery.,,,,,,https://digitalcollections.ucalgary.ca/asset-management/2R3408SWULF
3659,SK171040,SK,171,40,Maryfield,VL,276,1905.0,"Settlement in the area started in the 1880s, but the townsite was established by the railway.",1907.0,,1906.0,1905 - CPR; 1910 - CNoR,1896,1896 - First postmaster appointed.,1908.0,1908 - St. Andrew's United Church,1908.0,1908 - First schoolhouse in Maryfield.,,1905.0,1905 - First resident doctor (Hugh Cockraine) in Maryfield.,1911.0,1911 - First constable (C. Atkins) appointed.,1910.0,1910 - Earliest burial in Maryfield Cemetery.,1907.0,1907 - The Maryfield Mirror; 1909 - The Maryfield News,,,,https://digitalcollections.ucalgary.ca/asset-management/2R3BF1OWRUX9W
3896,SK176037,SK,176,37,Bulyea,VL,98,1905.0,,1909.0,,1905.0,CPR,1900,1900 - First postmaster appointed.,1908.0,1908 - St. Augustine Anglican Church; 1908 - Our Saviour's Norwegian Lutheran Church; 1917 - Norrona Evangelical Lutheran Church;,1913.0,1913 - First school opened in Bulyea.,,1913.0,1913 - First doctor (Dr. Strickland) in Bulyea.,,,1904.0,1904 - Earliest burial in Bulyea Cemetery; 1917 - Earliest burial in Norrona Lutheran Cemetery.,,,,Undated - Qu'Appelle Land Company was operating in the Bulyea area.,,https://digitalcollections.ucalgary.ca/asset-management/2R3BF1OIQ4OX1 (Vol 1) and https://digitalcollections.ucalgary.ca/asset-management/2R3BF1F5G7MUY (Vol 2)
4437,SK187030,SK,187,30,Paynton,VL,123,1905.0,"Originally called Grafton, then changed to Paynton.",1907.0,,1905.0,CNoR,1904,1904 - First postmaster appointed.,1907.0,1907 - Christ Church (Anglican); 1909 - Knox Presbyterian Church; 1921 - St. Francis Regis Roman Catholic Church,1906.0,1906 - First school built in Paynton.,,1906.0,1906 - First doctor (Marshall Macklin) in Panyton.,1914.0,1914 - Early village constable (James Payne) in Paynton.,1907.0,1907 - Earliest burial in Paynton Cemetery.,1906.0,1906 - The Paynton Recorder,,,,
4106,SK180036,SK,180,36,Quill Lake,VL,246,1905.0,"Homesteading in the area started in 1903, but the townsite, originally named Lally, began to grow in 1905.",1908.0,LHB says 1907 or 1908.,1905.0,CNoR,1904,1904 - First postmaster appointed.,1906.0,1906 - Quill Lake Baptist Church; 1909 - Emmanuel Anglican Church,1908.0,1908 - First school in Quill Lake opened.,,1919.0,1919 - First resident dentist (Alex Saich). No mention of doctors.,1910.0,1910 - Earliest dated constables (J. F. Burnett and A.E. Thomas) named.,1907.0,1907 - Earliest burial in Quill Lake Cemetery.,1906.0,"1906-1907 - The Quill; 1910-1911 - Quill Lake Events; 1920 - The Quill Lake Record; 1920 - The Multigraph; ""very early 1920s"" - Rural Christian Standard",,,,
4054,SK179026,SK,179,26,Invermay,VL,147,1905.0,,1908.0,,1905.0,CNoR,1904,1904 - First postmaster appointed.,1908.0,Around 1908 - Invermay Methodist Church; Around 1908 - Invermay Presbyterian Church (possibly - unclear if it was actually built); 1918 - Finnish Lutheran Church,1905.0,1905 - First school in Invermay built.,,1912.0,"Undated - First resident doctor (Dr. Ross, first name possibly Cameron?) in Invermay; 1912 - Doctor for the RM (Dr. Cot).",1916.0,1916 - First village constable (H. Brown) appointed.,1905.0,1905 - Earliest burial in Old Village of Invermay Cemetery.,,,,,,https://digitalcollections.ucalgary.ca/asset-management/2R3BF1SJLDSRC
3968,SK177040,SK,177,40,Keeler,VL,106,1905.0,"Originally called Keelerville, then Rutland, and was originally located approx. 8km north of current townsite. Town was moved in 1908 when the railway came through.",1910.0,,1908.0,CPR,1904,1904 - First postmaster appointed.,1910.0,1910 - Unnamed Presbyterian Church,1913.0,1912 or 1913 - First school built in Keeler.,,1913.0,"1913 - Early doctor (Dr. Douglas) as medical health officer, unclear if resident.",1913.0,1913 - Early village constable (Fred Anderson) in Keeler.,1909.0,1909 - Earliest burial in Old Keeler Village Cemetery; 1912 - Earliest burial in Keeler Cemetery.,,,,,,https://digitalcollections.ucalgary.ca/asset-management/2R3408NL3AV
4434,SK187027,SK,187,27,Marshall,VL,86,1905.0,"Originally called Stringer, later changed to Marshall.",1914.0,,1905.0,CNoR,1904,1904 - First postmaster appointed.,1905.0,"1905 - St. George's Anglican Church moved into Marshall; Undated but ""soon after"" 1905 - Unnamed Methodist church",1906.0,1906 - First school built in Marshall.,,,,,,1909.0,1909 - Earliest burial in Marshall Cemetery,,,,,,
4391,SK186027,SK,186,27,Radisson,T,431,1905.0,"Though settlement began around 1902 with the Goodrich settlement, Radisson proper started with the railway site.",1906.0,,1905.0,CNoR,1905,1905 - The Great Bend post office was moved to Radisson,1905.0,1905 - Holy Trinity Anglican Church; 1907 - Unnamed Methodist church; 1907 - Unnamed Presbyterian church; 1908 - Radisson Roman Catholic Church,1906.0,1906 - First schoolhose opens for Radisson School District #1351.,,1905.0,1905 - First doctor (A. E. W. Snyder) arrived in Radisson; 1913 - first cottage hospital. I cannot find record of any municipal hospital in Radisson.,1906.0,"1906 - Prior to 1906, NWMP  ""C"" division policed the area. In 1906 a local constable was appointed.",1909.0,1909 - Earliest burial in Radisson Cemetery,1906.0,1906 - The Radisson News ,,,,https://digitalcollections.ucalgary.ca/asset-management/2R34080JJKK3
3957,SK177029,SK,177,29,Mortlach,T,398,1905.0,"Ranching in the area started in 1884, homesteading in 1902, and the post office founded in 1905.",1906.0,Mortlach was also reverted to village status in 1949.,1882.0,CPR,1905,1905 - First post office opened and postmaster appointed. ,1906.0,1906 - Unnamed Methodist church; 1910 - Emmanuel Anglican Church; ,1905.0,1905 - Mortlach #1368 school opens.,,1905.0,"1905 - First doctor (Dr. Ellis) arrived in Mortlach;1927 - The only dated mention of the Mortlach Hospital, but unsure when it began or ended.",1905.0,1905 - RNWMP were stationed in Mortlach,1906.0,1906 - Earliest burial in Mortlach Cemetery,1906.0,1906 - Unnamed Mortlach newspaper; 1926 - The Mortlach Mirror,,,,https://digitalcollections.ucalgary.ca/asset-management/2R3BF1O1IY1N7
4433,SK187026,SK,187,26,Maidstone,VL,227,1905.0,"Settlement of Maidstone started with Barr Colonists arriving in 1903, but the townsite was established in 1905 with the arrival of the railway.",1907.0,,1905.0,CNoR,1905,1905 - First postmaster appointed.,1908.0,1908 - Holy Trinity (later changed to St. Andrew) Anglican Church; 1916 - Holy Ghost Roman Catholic Church; 1916 - Maidstone Union Church,1906.0,1906 - First school in Maidstone.,,1907.0,1907 - Earliest dated doctor (Dr.  Jackson) in Maidstone.,1912.0,1912 - RNWMP detachment established in Maidstone.,1908.0,1908 - Earliest burial in Maidstone Cemetery.,1925.0,1925 - The Maidstone Mirror,,"Indirectly, Isaac Barr and his companies were partly responsible for founding Maidstone.",,
4151,SK181040,SK,181,40,Girvin,VL,132,1905.0,,1907.0,,1889.0,QLSRSC,1905,1905 - First postmaster appointed.,1914.0,1914 - Unnamed Anglican church; 1916 - Unnamed Methodist church,1905.0,1905 - First school built in Girvin.,,,Undated - Early doctor (Dr. Hazelton) in Girvin.,,,1906.0,1906 - Earliest burial in Girvin Cemetery.,,,,,,
4090,SK180020,SK,180,20,Wynyard,T,849,1905.0,"1905 - The first settlers (Icelandic) arrive, creating the Vatnabyggd settlement that would be moved to Wynyard in 1908.",1908.0,,1908.0,CPR,1905,1905 - First postmaster appointed. ,1906.0,"1906 - A Lutheran church, now Wynyard Federated Church",1907.0,Early 1900s - Wynyard School District #2499; 1907 - Nordra School #1947,,,,1910.0,1910 - Wynyard RNWMP depot established by this time.,1901.0,1901 - Earliest burial in Pleasantview Cemetery.,1917.0,1917 - The Wynyard Advance (earliest found date but was likely established earlier),,,,
4396,SK186032,SK,186,32,Fielding,VL,105,1905.0,"Originally, and seemingly briefly, called Shack Town after Peter Shack, on whose land the railway siding was built.",,No incorporation date available.,1905.0,CNoR,1905,1905 - First postmaster appointed.,1908.0,1908 - Robertson Presbyterian Church; 1910 - St. Luke's Roman Catholic Church;  Undated - Unnamed Anglican Church,1906.0,1906 - First school opened in Fielding.,,,,,,1906.0,1906 - Earliest burial in Fielding Cemetery.,,,,,,https://digitalcollections.ucalgary.ca/asset-management/2R3BF1OHWIN32
4050,SK179022,SK,179,22,Buchanan,VL,361,1905.0,,1907.0,,1905.0,CNoR,1906,1906 - First postmaster appointed.,1910.0,"1910 - Zion Lutheran Church; 1916 - Doukhobor Church/Prayer home - 1918 - Buchanan United Church (no construction date given, but was operating by 1918); ",1906.0,1906 - First schoolhouse built.,,1907.0,1907 - First doctor (Dr. Ross) sets up practice in Buchanan.,1921.0,1921 - Earliest mention of a town constable; No permanent RNWMP/RCMP presence in Buchanan - serviced by the Canora depot.,1904.0,1904 - Earliest marked burial in Buchanan Village Cemetery,1911.0,1911 - The Buchanan News (1911 is the earliest date found but may have been established earlier),,,,https://digitalcollections.ucalgary.ca/asset-management/2R34080J6DRS
4347,SK185037,SK,185,37,Dana,VL,75,1905.0,Dana was disorganized in 1926.,1907.0,,1905.0,"CNoR (no date given), GTPR",1906,1906 - First postmaster appointed.,1915.0,1915 - St. John the Baptist Ukrainian Greek Catholic Church; ,1908.0,1908 - First school built in Dana.,,,,,,1911.0,1911 - Earliest burial in St. Maurus/St. John the Baptist Ukrainian Greek Catholic Cemetery,,,,,,
4110,SK180040,SK,180,40,Tate,VL,98,1905.0,"Originally called Bleakmore, renamed Tate in 1909 by GTPR.",1909.0,,1908.0,GTPR,1906,1906 - First postmaster appointed.,,,1907.0,"1907 - Debentures issued for building first school in Tate. No school construction date given, next dated reference is in 1912.",,,,,,1908.0,1908 - Earliest burial in Tate Cemetery.,,,,,,
4197,SK182030,SK,182,30,Delmas,VL,225,1905.0,1905 - Townsite established by CNoR.,1910.0,,1905.0,CNoR,1906,1906 - First postmaster appointed.,1900.0,1900 - St. Jean Baptiste de la Salle Roman Catholic Church; 1907 - St. Mary's Anglican Church,1912.0,1912 - First public school in Delmas opened.,1901-1948 - Thunderchild (St. Henri) Residential School,1912.0,1912 - Earliest resident doctor (Dr. Duval) in Delmas.,,"Undated - ""As early as 1911 it was decided to send a petition to police headquarters at Battleford to have a resident constable for the village. It isn't clear whether they got one or not but in some later years, the village did have its own cosntable. He was by no means a member of the RCMP!""",1915.0,1915 - Earliest burial in Jean Baptiste De La Salle Cemetery.,,,,Prior to 1912 - Thunderchild Land Co.; 1920 - Delmas Farm Company Ltd.,,
4355,SK185045,SK,185,45,Lake Lenore,VL,119,1905.0,"Due to a mixup, originally called Lenora Lake but in 1928 was corrected to Lake Lenore.",1921.0,,1921.0,CNoR,1906,1906 - First postmaster appointed.,1904.0,1904 - St. Anthony's Roman Catholic Church,1930.0,"1930 - First school opened in the village of Lake Lenore, as previous schooling had been at the Taylor school just outside the village.",,1923.0,Undated - First resident doctor (Dr. Patterson); 1923 - First dated doctor (Dr. Ogilvie) in Lake Lenore.,1930.0,1930 - Earliest mention of a village constable (Nick Schuler Sr.) in Lake Lenore.,1905.0,1905 - Earliest burial in St. Anthony Roman Catholic Cemetery,,,,,,
4135,SK181024,SK,181,24,Lanigan,T,426,1905.0,,1907.0,,1907.0,CPR,1907,1907 - First postmaster appointed.,1908.0,"Unnamed, undated Lutheran church seems to have been first; 1908 - Unnamed Anglican church; 1908 - Unnamed Methodist church; 1910 - Unnamed Presbyterian church",1907.0,1907 - First schoolhouse opened.,,1907.0,1907 - First doctor (Dr. Kid) arrives and stays in Lanigan.,1908.0,1908 - NWMP barracks opened in Lanigan.,1906.0,1906 - Earliest burial in Lanigan Cemetery.,1908.0,1908 - First mention of The Lanigan Telegram (unsure if it was established prior),,,,
3977,SK177049,SK,177,49,Tuxford,VL,156,1905.0,,1907.0,,1906.0,CPR,1907,1907 - First postmaster appointed.,1907.0,1907 - St. Paul Presbyterian Church; 1907 - St. Cuthberts Anglican Church,1910.0,1910 - First school in Tuxford opened.,,1906.0,1906 - First resident doctor (Dr. Storry) in Tuxford.,1909.0,1909 - First village constable (William Brazier) in Tuxford.,1904.0,1904 - Earliest burial in St. Columba (or Columbia?) Anglican Cemetery,1907.0,1907 - The Tuxford Standard (only 3 editions printed).,,,,
3961,SK177033,SK,177,33,Brownlee,VL,165,1905.0,,1908.0,,1908.0,CPR,1907,1907 - First postmaster appointed.,1910.0,1910 - Brownlee United Church (St Andrews),1910.0,1909 or 1910 - First school in Brownlee built.,,1907.0,1907 - Early doctor (E. C. Chandler) in Brownlee.,,,1894.0,1894 - Earliest burial in Brownlee Cemetery.,,,,,,https://digitalcollections.ucalgary.ca/asset-management/2R3BF1OVQE538
4153,SK181042,SK,181,42,Guernsey,VL,122,1905.0,,1908.0,,1908.0,CPR,1907,1907 - First postmaster appointed.,1908.0,1908 - Unnamed Baptist Church,1911.0,"1911 - First school built in Guernsey (though a previous Guernsey School District existed, it was not located in the village of Guernsey).",,1906.0,1906 - First doctor (Alexander King) in Guernsey.,1911.0,1911 - Early village constable (W. H. Hewiston) in Guernsey.,1909.0,1909 - Earliest burial in Guernsey Cemetery.,1908.0,1908 - The Guernsey Standard (later merged with the Lanigan Ledger).,1904.0,1904 - Saskatchewan Valley and Manitoba Land Company,,
4192,SK182025,SK,182,25,Rosetown,T,865,1905.0,1905 - The titular Rose settlers arrived in the area. 1907 - The post office was established.,1909.0,,1909.0,"CNoR, CPR",1907,1907 - First postmaster recorded; 1909 - The first standalone post office in Rosetown proper was constructe,1910.0,1910 - The Methodist church (unnamed),1911.0,1911 - First brick school built.,,1913.0,1913 - First dedicated hospital building (previous hospital had been in a home),1918.0,1918 - By this time a one-man police force existed (but may have been established earlier - this is the earliest exact date I could find),1914.0,1914 - Earliest burial in the Rosetown Cemetery.,1909.0,1909 - The Rosetown Eagle,1910.0,1910 - The Northwest Land Company had its office in Rosetown,,https://harvest.usask.ca/items/cf973903-8d7e-4808-8dc8-2114d0a7bba7
4440,SK187033,SK,187,33,Waseca,VL,106,1905.0,,1911.0,,1905.0,CNoR,1907,1907 - First postmaster appointed.,1908.0,1908 - Christ Church (Anglican); 1915 - St. Lucia's Roman Catholic Church,1908.0,1908 - First school built in Waseca.,,,,,,1909.0,1909 - Waseca Cemetery established.,1907.0,1907 - Earliest date for The Waseca Herald.,,,,https://digitalcollections.ucalgary.ca/asset-management/2R34082Q02MD
4243,SK183028,SK,183,28,Scott,T,236,1905.0,,1908.0,,1908.0,"GTPR, CPR",1908,1908 - First postmaster appointed.,1909.0,1909 - St. Augustine's Anglican Church; 1910 - St. Joseph's Roman Catholic Church; 1910 - Scott Union Church,1909.0,1909 - First school in Scott buillt.,,1911.0,"1911 - Earliest date for mention of ""a hospital"" in Scott.",1910.0,1910 - RNWMP Division C present in Scott.,1905.0,1905 - Earliest burial in Scott Cemetery.,1911.0,1911 - Earliest date found for the Scott Herald.,1909.0,"1909 - The town was involved with Luse Land Company, but it's not clear if they were involved in settling Scott.",,
3841,SK175038,SK,175,38,Fenwood,VL,139,1905.0,,1909.0,,1907.0,GTPR,1908,1908 - First postmaster appointed.,1912.0,1912 - Zion Lutheran Church; 1912 - Sts. Peter and Paul Ukrainian Catholic Church; 1920 - Fenwood Baptist Church,1914.0,1914 - First school built in Fenwood.,,,Fenwood had no resident doctor until 1935.,,Undated - Fenwood had village constables but no specifics given.,1904.0,1904 - Earliest burial in Sts Peter & Paul Ukrainian Catholic Cemetery; 1909 - Earliest burial in Fenwood Cemetery; 1915 - Earliest burial in Zion Lutheran Cemetery,,,,,,
4242,SK183027,SK,183,27,Macklin,T,364,1905.0,1905 - One of the first settlers in the area arrived.,1912.0,,1910.0,CPR,1908,1908 - First postmaster apppointed.,1910.0,1910 - Holy Trinity Anglican Church; 1912 - Unnamed Methodist church (renamed Grace Church in 1921); 1916 - St. Mary's Catholic Church; ,1909.0,1909 - First schoolhouse built.,,1922.0,"1922 - First cottage hospital opened; 1927 - First dated doctor (F. L. Eid), but surely there were doctors previous to this.",1910.0,1910 - NWMP Division C active in Macklin.,1909.0,1909 - Earliest burial in Old Lakeview Cemetery,1944.0,"1944 - The Macklin Times (may have been established earlier, 1944 was the earliest date found)",,,,
3965,SK177037,SK,177,37,Ernfold,VL,97,1905.0,,1912.0,,1882.0,CPR,1908,1908 - First postmaster appointed.,1913.0,1913 - Ernfold United Church,1910.0,1910 - First school built in Ernfold.,,,"No early medical care in Ernfold - ""The closest doctors were at Morse or Chaplin.""",1917.0,1917 - RNWMP station established in Ernfold.,1910.0,1910 - Earliest burial in Ernfold Cemetery.,,,,,,
3749,SK173034,SK,173,34,Lafleche,VL,356,1905.0,"Squatters were first in the area in 1905, then homesteaders followed in 1908. Was originally called Buffalo Head and was 1.5 miles east of current townsite, but was moved to meet the railway.",1913.0,,1913.0,CPR,1909,1909 - First postmaster appointed.,1913.0,1913 - First Presbyterian Church; 1913 - Ste. Radegonde Roman Catholic Church,1913.0,1913 - First schoolhouse built.,,1913.0,1913 - First doctor (Henri DuChene) in Lafleche.,1914.0,1914 - First town constable (James T. Delgatty) appointed.,1913.0,1913 - Earliest burial in Lafleche Municipal Cemetery,1913.0,1913 - The Lafleche Advocate,,,,
3649,SK171030,SK,171,30,Fairlight,VL,94,1906.0,,1910.0,"LHB says 1910, archived SK govt doc says 1909.",1906.0,1905 - CPR; 1907 - CNoR,1893,1893 - First postmaster appointed.,1909.0,"1909 - St. Paul Anglican Church; 1911/1914 - Methodist Church (1911 church burned down after completion but before opening, was rebuilt in 1914)",1907.0,1907 - First school opened in Fairlight.,,,,,,1909.0,1909 - Earliest burial in Fairlight Cemetery.,,,1882.0,1882 - The Canadian North West Land Company was involved in settling the area around Fairlight.,,https://digitalcollections.ucalgary.ca/asset-management/2R3BF1OWRUX9W
3828,SK175025,SK,175,25,Melville,T,2808,1906.0,,1908.0,,1907.0,GTPR,1905,1905 - First post office in Pearl Park. 1908 - First postmaster appointed to Melville.,1907.0,1907 - St. Paul's Lutheran Church,1909.0,1909 - Central Public School,,1914.0,"Date unclear - first hospital was built between 1910 and 1914 (possibly 1911), possibly Melville Municipal Hospital",1910.0,1910 - NWMP depot recorded.,1907.0,"1907 - Melville Lutheran Cemetery, oldest headstone date recorded; 1908 - unnamed cemetery created but then disused; 1918 - Melville Municipal Cemetery",1909.0,"1909 - The Melville Canadian (likely established prior to 1909, but this is first found date)",1887.0,"1887 - Only record I could find of activities of the Dominion Lands Colonization Company, said to operate in the Melville area",,
4352,SK185042,SK,185,42,Howell,VL,182,1906.0,"Howell is the original name of the town of Prud'homme, name changed in 1922.",1908.0,,1905.0,CNoR,1906,1906 - First postmaster appointed.,1907.0,1907 - Sts. Donatien and Rogatien Roman Catholic Church,1926.0,1926 - Howell School #4651 built.,,1916.0,1916 - Early doctor in Howell (Martial Lavoie).,,"Undated, but around 1909 or so - Early village constable (David Labelle) in Howell.",1905.0,1905 - Earliest burial in Sts. Donatien and Rogatien Roman Catholic Cemetery,,,,,,https://digitalcollections.ucalgary.ca/asset-management/2R3BF1F5GVT0G
4148,SK181037,SK,181,37,Duval,VL,133,1906.0,"Originally called Mountain Side, renamed Duval in 1908.",1911.0,,1907.0,CPR,1906,1906 - First postmaster appointed.,1915.0,1915 - St. Albans Anglican Church; 1918 - St. Paul Lutheran Church; 1920 - Unnamed Methodist church ,1917.0,1917 - First school in Duval built.,,1912.0,1912 - First medical health officer appointed (Dr. Carmichael) in Duval.,1922.0,1922 - First mention of a village constable (A. E. Tucker) in Duval.,1917.0,1917 - Earliest burial in Duval Cemetery.,,,,,,https://digitalcollections.ucalgary.ca/asset-management/2R3BF1OIQ4OX1 (Vol 1) and https://digitalcollections.ucalgary.ca/asset-management/2R3BF1F5G7MUY (Vol 2)
3858,SK175055,SK,175,55,Windthorst,VL,230,1906.0,"Settlers began in the area around 1885, townsite established in 1906",1908.0,"Incorporation date unclear, between 1906-1908.",1906.0,1906 - CPR; 1908 - CNoR,1907,1907 - First postmaster appointed.,1907.0,1907 - St. Pius Roman Catholic Church; 1909 - Unnamed Presbyterian church; 1911 - Unnamed Methodist church; 1911 - Unnamed Anglican church; 1925 - Zion Lutheran Church,1908.0,1908 - First public school in Windthorst. 1912 - First Roman Catholic school in Windthorst.,,1906.0,1906 - First resident doctor (T. H. Argue) in Windthorst.,1909.0,"NWMP in the area since settlement began, but RNWMP depot was noted by 1909.",1900.0,1900 - Earliest burial in Windthorst Cemetery.,1908.0,1908 - The Windthorst Indepedent,,,,
4150,SK181039,SK,181,39,Elstow,VL,146,1906.0,,1908.0,,1907.0,"CPR, GTPR",1907,1907 - First postmaster appointed.,1908.0,1908 - Unnamed Methodist church; 1908 - St. George's Anglican Church; ,1910.0,1910 - School moved to Elstow from Athens School District.,,1908.0,1908 - First resident doctor (Dr. Woods) in Elstow.,,,1908.0,1908 - Earliest burial in Elstow Cemetery.,,Undated but likely around 1907 - The Elstow Times,,,,https://digitalcollections.ucalgary.ca/asset-management/2R3BF1O3W3HQ1
3963,SK177035,SK,177,35,Chaplin,VL,215,1906.0,,1912.0,,1882.0,CPR (build date unknown but prior to 1906),1907,1907 - First postmaster appointed.,1918.0,1918 - Chaplin Presbyterian Church; undated but likely early - Holy Trinity Anglican Church,1908.0,1908 - First school in Chaplin built.,,,,1915.0,1915 - RNWMP Division A present in Chaplin.,1905.0,1905 - Earliest burial in Chaplin Cemetery.,,,,,,https://digitalcollections.ucalgary.ca/asset-management/2R3BF1OG0P9LT
4349,SK185039,SK,185,39,Englefeld,VL,115,1906.0,,1916.0,,1905.0,"CNoR, CPR",1907,1907 - First post office opened.,1905.0,1905 - Holy Guardian Angels Roman Catholic Church,1909.0,1909 - First school built in Englefeld.,,,,1921.0,1921 - Earliest mention of police (an RCMP officer named Mr. Gray) in Engelfeld.,1904.0,1904 - Earliest burial in Englefeld Union Cemetery; 1918 - Earliest burial in Holy Guardian Angels Roman Catholic Cemetery.,1913.0,1913 - The Englefeld World,,Undated - the Volksverein German-American Land Company may have been impactful in settling Englefeld but it is unclear if they were.,,https://digitalcollections.ucalgary.ca/asset-management/2R3408SWIGL
4359,SK185049,SK,185,49,St. Gregor,VL,88,1906.0,,1920.0,,1905.0,CNoR,1907,1907 - First postmaster appointed.,1907.0,1907 - St. Gregory Roman Catholic Church,1914.0,1914 - First school opened in St. Gregor.,,,,1921.0,1921 - Early village constable (Henry Bussanmus) in St. Gregor.,1912.0,1912 - Earliest burial in St. Gregory Roman Catholic Cemetery,,,,,,
4092,SK180022,SK,180,22,Elfros,VL,217,1906.0,Elfros was established between 1903 and 1906.,1909.0,,1908.0,CPR,1909,1909 - First postmaster appointed.,1913.0,Prior to 1913 - St. George's Anglican Church,1911.0,1911 - Elfros school built by 1911 (construction date unclear).,,,,,,1911.0,1911 - Elfros Cemetery established.,,,,,,
3843,SK175040,SK,175,40,Goodeve,VL,219,1906.0,,1910.0,,1907.0,GTPR,1909,1909 - First postmaster appointed.,1918.0,1918 - Ukrainian Orthodox Church of the Holy Ghost; 1921 - St. John Emmanuel Lutheran Church,,"Between 1910-1920 - First school in Goodeve built, exact date not given.",,,,,,1922.0,1922 - Earliest burial in Holy Ghost Ukrainian Orthodox Cemetery,,,,"Undated - Saskatchewan Land and Homestead Company operated in the Goodeve area, but unsure if involved in settling Goodeve.",,
4012,SK178033,SK,178,33,Eston,VL,318,1906.0,Area was opened to settlers in 1906.,1915.0,,1915.0,CNoR,1912,1912 - First postmaster appointed.,1921.0,1921 - Sacred Heart Roman Catholic Church; 1926 - St. Andrew's United Church,1916.0,1916 - First schoolhouse in Eston opened.,,1917.0,1917 - Eston Union Hospital opens.,,,1910.0,1910 - Earliest burial in Eston Cemetery.,1917.0,"1917 - The Eston Press (likely established earlier, but this is the first date found)",1869.0,1869-1933 - Martin Land Company,,
3741,SK173026,SK,173,26,Gravelbourg,T,1106,1906.0,"1906 - When major settlement began, and arrival of town founder Father Louis-Joseph-Pierre Gravel.",1916.0,,1913.0,CNoR,1913,1907 - First (dated) postmaster appointed; 1913 - first post office opened.,1919.0,1919 - Our Lady of the Assumption Roman Catholic Cathedral,1908.0,"Only reference I could find - ""[...] finally in 1915, they arrived to replace the lay teachers who had been teaching at the public school since 1908."" 1917 - Convent of Jesus and Mary AND College Mathieu.",,1928.0,1928 - St Joseph's Hospital,,Gravelbourg was on the Red Coat Trail but I cannot find any dates for NWMP/RCMP involvement in the town itself.,1908.0,1908 - earliest burial in St. Philomena/Lady of the Assumption Cemetery,,The Gravelbourg Star and the Gravelbourg Tribune. Cannot find founding dates.,1907.0,"1907 - No specific company, but Father Gravel was an immigration agent and made major efforts to settle the area.",,
3852,SK175049,SK,175,49,Spy Hill,VL,136,1907.0,,1910.0,,1907.0,GTPR,1888,1888 - First postmaster appointed.,1910.0,1910 - Spy Hill Methodist Church,1888.0,1888 - First school in early Spy Hill.,,1915.0,1915 - Dr. Weaver was Medical Health Officer but was notably not a resident doctor for Spy Hill.,1921.0,1921 - Earliest mention of a village constable (John Allen) in Spy Hill.,1899.0,1899 - Earliest burial in Spy Hill Cemetery,,,,,,https://digitalcollections.ucalgary.ca/asset-management/2R3BF1O8S054L
3702,SK172036,SK,172,36,Griffin,VL,146,1907.0,"Original settlement called Roxboro, renamed Griffin in 1907 when townsite was moved to meet the railway.",1909.0,,1908.0,1907 - CPR; 1912 - GTPR,1906,1906 - First postmaster appointed.,1916.0,1916 - Griffin Methodist Church (Methodists set up the building but Presbyterians and Anglicans worshipped there too),1910.0,1905 - School in Roxboro built; 1910 - First school in new Griffin townsite opened.,,1910.0,1910 - Early doctor (A. G. Robertson) appointed Medical Health Officer in Griffin.,1910.0,1910 - First village constable (F. W. Suckling) appointed.,1911.0,1911 - Griffin Cemetery established.,1909.0,Prior to 1909 - The Adventure; 1913-1925 - The Griffin Gazette,,,,https://digitalcollections.ucalgary.ca/asset-management/2R3BF1SJLDSRC and https://digitalcollections.ucalgary.ca/asset-management/2R3BF1F3QWNJ9
4062,SK179034,SK,179,34,Stenen,VL,195,1907.0,"Originally called Eden Valley, with founding settler John Stenen arriving in 1903, but railway surveying done in 1907 that seems to have established the townsite.",1912.0,,1910.0,CNoR,1906,1906 - First postmaster appointed.,1909.0,1909 - Assumption of the Holy Virgin Mary Orthodox Church; 1914 - Stenen United Church,1912.0,"1912 - Stenen School District established. First school built prior to 1921, second school in 1921.",,,"Early doctors (1920s and 30s) include Dr. Green, Dr. Kobrynsky, and Dr. Lerner.",1913.0,1913 - First constable (J. Coyne) in Stenen.,1906.0,1906 - Earliest burial in Stenen Cemetery.,,,,,,
4142,SK181031,SK,181,31,Bradwell,VL,84,1907.0,"Originally called Sunny Plain, later changed to Bradwell.",1912.0,,1907.0,"GTPR, CPR",1906,1906 - First postmaster appointed.,,Info on churches missing from source book.,1919.0,1919 - First school built in Bradwell.,,1908.0,1908 - First doctor (Dr. Rublee) in Bradwell.,,Undated - First village constable (C. J. Amy) in Bradwell.,1904.0,1904 - Earliest burial in Bradwell Cemetery,,,,,,
4257,SK183042,SK,183,42,Landis,VL,145,1907.0,,1909.0,,1908.0,"GTPR, CPR",1907,1907 - First postmaster appointed.,1908.0,1908 - Unnamed Presbyterian church; 1909 - Congregational Church Institute; ,1909.0,1909 - First school in Landis opened.,,1912.0,1912 - Early doctor (N. L. Phoenix) in Landis.,1915.0,1915 - RNWMP Division C active in the Landis area.,1910.0,1910 - Earliest burial in Landis Cemetery.,1916.0,1916-1953 - The Landis Record,,,,https://digitalcollections.ucalgary.ca/asset-management/2R3BF1O9Z4JP6
4245,SK183030,SK,183,30,Wilkie,T,778,1907.0,1907 - Founded by a member of the Luse Land Company.,1911.0,"Can only find the official incorporation date as a town, not a village.",1908.0,"CPR, GTPR",1907,1907 - First postmaster appointed and first post office built.,1908.0,1908 - St. Paul's Anglican Church; 1908 - Wilkie Methodist Church; 1925 - The Baptist Church; 1927 - St. John the Baptist Roman Catholic Church,1909.0,1909 - A two-room public school opened.,,1929.0,"1929 - The Wilkie Union Hospital opened. The first private cottage hospital, had opened in 1911.",1908.0,1908 - The first RNWMP detachment at Wilkie opened.,1911.0,1911 - Wilkie Cemetery was created.,1908.0,1908 - The Wilkie Press,1907.0,1907 - The Luse Land Company,,https://digitalcollections.ucalgary.ca/archive/Wilkie--Saskatchewan--1908-1988---Volume-1-2R3BF1F5JD8H6.html
4007,SK178028,SK,178,28,Leader,T,765,1907.0,"1907 - Originally named Prussia, renamed Leader in 1917 due to anti-German sentiment during WWI.",1913.0,,1913.0,CPR,1907,1907 - First postmaster appointed. 1912 - First post office built.,1911.0,1911 - St. John Lutheran Church; 1913 - Peace Lutheran Church; 1913 - Zions Congregational Church; 1914 - Unnamed Methodist church; 1914 - Jewish services were held but no synagogue was built; 1916 - Little Flower Roman Catholic Church; 1916 - Leader German Baptist Church,1913.0,1913 - First recorded date of one-room schoolhouse.,,1938.0,1938 - Leader Hospital (No. 1 Hospital) was built. First cottage hospital was opened in 1922.,1905.0,1905 - RWNMP detachment arrived in the area.,1914.0,1914 - Leader Public Cemetery established.,1915.0,1915 - The Enterprise Paper (later renamed to The Leader Enterprise),,,,
4164,SK181053,SK,181,53,Viscount,VL,315,1907.0,,1908.0,,1908.0,"CPR, GTPR",1908,1908 - First postmaster appointed.,1908.0,1908 - St. Alphonse Roman Catholic Church; 1909 - St. Paul Anglican Church; 1911 - Unnamed Methodist church; 1919 - Bethania Lutheran Church; ,1909.0,1909 - First schoolhouse opened.,,1908.0,1908 - First doctor (R. Holden Love) in Viscount.,1913.0,"1913 - A cell (jail cell?) was mentioned as constructed in the city hall, but no mention of town police or RWNMP postings.",1906.0,1906 - Earliest burial in Viscount Union Cemetery.,1910.0,1910 - The Viscount Sun,,,,https://digitalcollections.ucalgary.ca/asset-management/2R3BF1F5JAVHG
3966,SK177038,SK,177,38,Eyebrow,VL,246,1907.0,The townsite was established in 1907 after the CPR grade came through Eyebrow in 1906.,1909.0,,1908.0,CPR,1908,1908 - First postmaster appointed.,1909.0,1909 - Eyebrow Methodist Church; 1910 - Eyebrow Presbyterian Church; 1913 - St. Anne's Anglican Church,1908.0,1908 - First school in Eyebrow opened.,,1907.0,1907 - First doctor in Eyebrow (Thomas Porter).,,,1906.0,1906 - Earliest burial in Eyebrow Cemetery.,1909.0,1909 - The Eyebrow Herald,,,,
4201,SK182034,SK,182,34,Kinley,VL,92,1907.0,,1909.0,,1908.0,"GTPR, CPR",1908,1908 - First postmaster appointed.,1908.0,1908 - St. John's Anglican Church,1909.0,1909 - First school built in Kinley.,,,,,,1904.0,1904 - Earliest burial in Wheatfield Cemetery.,,,,,,
4145,SK181034,SK,181,34,Colonsay,VL,183,1907.0,,1910.0,,1908.0,"CPR, GTPR",1908,1908 - First postmaster appointed.,1908.0,1908 - St. Matthias Anglican Church; 1917 - Colonsay Methodist Church; 1918 - St. Mary's Roman Catholic Church; ,1909.0,1908 or 1909 - First school in Colonsay built.,,1911.0,1911 - Earliest dated doctor (Dr. Malloy) in Colonsay.,,,1908.0,1908 - Earliest burial in Colonsay Municipal Cemetery,,,,,,
4146,SK181035,SK,181,35,Drake,VL,99,1907.0,,1910.0,,1907.0,CPR,1908,1908 - First postmaster appointed.,1907.0,1907 - North Star Mennonite Church; 1922 - Drake Union Church,1910.0,1910 - First school opened in Drake.,,,,,,1905.0,1905 - Earliest burial in North Star Mennonite Cemetery; 1911 - Earliest burial in Drake Community Cemetery ,,,,,,
3918,SK176059,SK,176,59,Odessa,VL,254,1907.0,"Settlers began arriving in 1901, townsite was originally called Moserville, then Magna, now Odessa. Site was surveyed in 1907.",1911.0,,1907.0,CNoR,1908,1908 - First postmaster appointed.,1909.0,1908 or 1909 - Holy Family Catholic Church; 1911 - Odessa Presbyterian Church.,1914.0,1914 - First school in Odessa opened.,,,,,,1910.0,1910 - Earliest burial in Holy Family Roman Catholic Cemetery; ,,,,,,https://digitalcollections.ucalgary.ca/asset-management/2R3BF1F6PXEGX
4431,SK187024,SK,187,24,Edam,VL,186,1907.0,"Settlement in the area started in the late 1800s, but the townsite was established in the late 1900s.",1911.0,,1911.0,CNoR,1908,1908 - First postmaster appointed.,1912.0,1912 - Unnamed Presbyterian church,1908.0,1908 - Rayleigh School District #2256 formed. No dates given for school opening or construction; 1919 - Edam Roman Catholic Separate School built.,,1917.0,1917 - Lady Minto Hospital opened in Edam.,1909.0,1909 - RWNMP barracks in Edam.,1914.0,1914 - Edam Cemetery established.,,,,,,
4342,SK185032,SK,185,32,Beatty,VL,91,1907.0,,1921.0,,1905.0,CNoR,1908,1908 - First postmaster appointed.,1909.0,1909 - Beatty Methodist-United church; 1915 - St. James Anglican Church,1923.0,1923 - First school opened in Beatty townsite. Prior school outside of Beatty was built in 1907.,,,"""Beatty relies on medical care in Melfort.""",,,1917.0,1917 - Earliest burial in Beatty Cemetery.,,,,,,https://digitalcollections.ucalgary.ca/asset-management/2R3BF1O3WOB5I
4189,SK182022,SK,182,22,Biggar,T,1535,1907.0,,1909.0,,1908.0,"CPR (first), GTPR (established division point in Biggar 1910)",1909,1909 - First postmaster appointed.,1909.0,1905 - Unnamed Catholic Church; 1909 - St. Gabriel's Catholic Church; 1910 - Third Avenue United (Union) Church,1910.0,1910 - Biggar Public School,,1923.0,1923 - St. Margaret's Hospital,,,1907.0,"Exact date unknown - The Biggar Cemetery was established in the ""early 1900s"".",1909.0,1909 - The Biggar World (renamed The Biggar Independent in 1910),,,,https://archives.algomau.ca/main/sites/default/files/2012-21_002_021.pdf
4241,SK183026,SK,183,26,Kindersley,T,1003,1907.0,1907 - First settlers in the area.,1910.0,,1910.0,CNoR - date of railway arrival unclear,1909,1909 - First postmaster appointed.,1909.0,1909 - St. Paul's United (Methodist) Church (earliest record I could find online),1911.0,1911 - McKenzie School,,1912.0,1912 - a private hospital; 1915 - a municipal hospital,1910.0,1910 - Kindersley detachment established,1914.0,1914 - Earliest burial in Kindersley Cemetery. ,1914.0,1910 or 1914 - The Kindersley Clarion (dates inexact - 1914 is the first primary source found but others suggest 1910),,,,
3835,SK175032,SK,175,32,Bangor,VL,110,1907.0,,1911.0,,1907.0,GTPR,1909,1909 - First postmaster appointed.,1910.0,1910 - St. David's Anglican Church; 1912 - Welsh Methodist Church,1907.0,1907 - First school opened in Bangor (St. David's School District).,,1913.0,"1913 - Dr. Sahlmark appointed as medical health officer, unclear if he was a resident of Bangor.",1912.0,1912 - Early village constable (S. W. Havard) appointed.,1897.0,1897 - Earliest burial in Bangor Community Cemetery.,,,1902.0,"1902 - No company, but settler Evan Jenkins was instrumental in the immigration of Patagonian Welsh settlers to Bangor.",,
3754,SK173039,SK,173,39,Mossbank,VL,303,1907.0,,1915.0,,1912.0,1912 - CNoR; 1913 - CPR,1909,1909 - First postmaster appointed.,1917.0,1917 - St. Louis Roman Catholic Church; 1918 - St. Luke's Anglican Church; 1923 - First Methodist Church,1912.0,1912 - First school in Mossbank.,,,,1922.0,1922 - Earliest dated mention of a town constable in Mossbank (Charlie Hill).,1916.0,1916 - Earliest burial in Mossbank Lutheran Cemetery; 1917 - Earliest burial in Mossbank Community Cemetery,,,,,,
3910,SK176051,SK,176,51,Kendal,VL,147,1907.0,,1919.0,,1907.0,CNoR (rails reached Kendal in 1905 but didn't open to traffic until 1907),1910,1910 - First postmaster appointed.,1917.0,1917 - St. Ignatius Roman Catholic Church,1910.0,1910 - First school in Kendal opened (Silver Hills School District).,,,,,,1906.0,1906 - Earliest burial in St. Ignatius Roman Catholic Cemetery.,,,,,,
4049,SK179021,SK,179,21,Arran,VL,142,1907.0,,1916.0,,1906.0,CNoR,1911,1911 - First postmaster appointed.,1918.0,Undated but early - Ukrainian Orthodox Church; 1918 - St. John The Baptist Ukrainian Catholic Church (may have been built in 1917),1915.0,1915 - First schoolhouse built in Arran.,,1920.0,"1920 - Dr. Gibson of Pelly appointed Medical Health Officer for Arran, then later that year, that role is given to a Dr. Baldwin. Unclear if Dr. Baldwin lived in Arran.",1921.0,1921 - First mention of a village constable (A. G. Denny).,1909.0,1909 - Earliest burial in Arran Ukrainian Cemetery; 1914 - Earliest burial in Arran (Nahnybida) Ukrainian Catholic Cemetery,1912.0,"1912 - Earliest date associated with the Arran Arrow, but may have been established later.",,,,
4354,SK185044,SK,185,44,Laird,VL,176,1908.0,,1911.0,,1910.0,CNoR,1900,1900 - First postmaster appointed.,1910.0,1910 - Laird Mennonite Church; 1911 - Mennonite Brethren Church moved into Laird,1910.0,1910 - First schoolhouse in Laird opened.,,,,,,1910.0,1910 - Earliest burial in All Faiths Cemetery,,,,,,
3975,SK177047,SK,177,47,Rush Lake,VL,109,1908.0,,1911.0,,1882.0,CPR,1903,1903 - First postmaster appointed.,,"Church history in Rush Lake unclear, unsure if any churches were built prior to 1925.",1909.0,1909 - First school in Rush Lake opened.,,1928.0,1918 - First temporary nurse (Brenda Dow) in Rush Lake to deal with the flu epidemic; 1928 - First resident doctor (Dr. Richards) in Rush Lake.,1911.0,1911 - First village constable (John Klassen) in Rush Lake.,1910.0,1910 - Earliest burial in Rush Lake Cemetery,,,,,,
4140,SK181029,SK,181,29,Allan,VL,197,1908.0,,1910.0,,1907.0,"GTPR, CPR",1904,1904 - First postmaster appointed.,1910.0,1910 - St. Aloysius Roman Catholic Church; Prior to 1913 - Allan Methodist Church,1915.0,1915 - First schoolhouse in Allan.,,,Undated - early doctor in Allan (Dr. McKay).,1912.0,1912 - Mention of an NWMP member being stationed in Allan.,1910.0,1910 - Earliest burial in Allan IOOF Cemetery; 1918 - Earliest burial in St. Aloysius Roman Catholic Cemetery;,1910.0,1910 - The Allan Tribune,1908.0,1908 - Grand Trunk Pacific Town and Development Company,,https://digitalcollections.ucalgary.ca/asset-management/2R3BF1OJB1JZP
4149,SK181038,SK,181,38,Elbow,VL,286,1908.0,"Settlement in the area began in 1903, but the townsite was established in 1908.",1909.0,,1909.0,CPR,1906,1906 - First postmaster appointed.,,Church history not available.,,School history not available. May have been in Morning Star School District #1701.,,1909.0,1909 - Early doctor (Dr. Rolph) mentioned.,1910.0,1910 - RNWMP depot recorded in Elbow.,1905.0,1905 - Earliest burial in Elbow Cemetery.,1909.0,1909 - Elbow Graphic,,,,https://digitalcollections.ucalgary.ca/asset-management/2R3BF1F3JINPY
4211,SK182044,SK,182,44,Swanson,VL,59,1908.0,,1913.0,,1911.0,- CNoR (dat e unclear),1907,1907 - First postmaster appointed.,1916.0,1916 - St. Andrew Anglican Church,1914.0,1914 - First school moved into Swanson.,,1916.0,1916 - Early village doctor (Dr. Chapman) in Swanson.,,,1909.0,1909 - Earliest burial in Swanson Cemetery.,,,,,,
4137,SK181026,SK,181,26,Outlook,T,704,1908.0,"1908 - CPR began advertising lots, though some settlers had been there earlier.",1908.0,,1909.0,"CPR, CNoR",1908,1908 - First postmaster and first post office.,1909.0,1909 - St. Mark's Anglican Church; 1909 - St. Andrew's Presbyterian Church,1911.0,1911 - First dedicated school for Outlook School District #2444 was built.,,1942.0,1942 - The J. W. Fraser Home hospital,1909.0,1909 - Nine men were sworn in as policemen. 1910 - RNWMP had a depot in Outlook.,,"I cannot find an establishing date for the Outlook Cemetery. Earliest mention of a burial I could find was between 1910-1924, but was not specific.",1909.0,1909 - The Outlook,1905.0,1905 - The Saskatchewan Valley Land Company,,https://digitalcollections.ucalgary.ca/archive/Milestones---Memories-2R3BF1SJLDQT3.html
4096,SK180026,SK,180,26,Jansen,VL,164,1908.0,,1908.0,,1909.0,CPR,1908,1908 - First postmaster appointed.,1908.0,1908 - Anglican Christ Church; 1912 - Zion Lutheran Church moved to Jansen,1910.0,1909 or 1910 - First school opened in Jansen.,,1913.0,1913 - First resident doctor (Dr. Downing).,1913.0,1913 - Earliest mentioned village constable (Dan Krause).,1907.0,1907 - Earliest burial in Jansen Cemetery.,,,,1903 - Saskatchewan Valley Land Company.,,
4027,SK178048,SK,178,48,Webb,VL,259,1908.0,,1910.0,,1882.0,CPR,1908,1908 - First postmaster appointed.,1922.0,"St. Mary's Anglican Church (undated, but likely built prior to 1910); 1922 - Webb Presbyterian Church; 1923 - Webb Roman Catholic Church",1910.0,1910 - First school in Webb opened.,,,"Undated, but early doctors were Dr. Moore, Dr. Baines, Dr. Knipfel and Dr. Weatherhead.",,I can't find any info on police/constables in Webb..,1910.0,1910 - Earliest burial in North Webb Cemetery.,,,,,,https://digitalcollections.ucalgary.ca/asset-management/2R34080JJSSJ
4263,SK183048,SK,183,48,Netherhill,VL,114,1908.0,,1910.0,,1910.0,CNoR,1908,1908 - First postmaster appointed.,1910.0,1910 - Knox Presbyterian Church; 1911 - St. Agnes Anglican Church,,Undated - First school built in Netherhill. ,,1912.0,Undated - First doctor (Dr. Scott) in Netherhill; 1912 - Early medical health officer (Dr. Neil) in Netherhill.,1912.0,1912 - Early village constable (Mr. Webster) appointed in Netherhill.,1913.0,1913 - Earliest burial in Netherhill Cemetery.,,,,,,
4138,SK181027,SK,181,27,Sutherland,T,961,1908.0,"Settlement truly began in 1884 with homesteaders, but didn't pick up until 1908 with the arrival of CPR.",1912.0,,1908.0,"CPR, CNoR, GTPR, QLSRSC",1908,1908 - First postmaster appointed.,1910.0,"1910 - St. Paul's (Presbyterian) Church, now called St. Paul's United Church",1908.0,1908 - Temporary one-room school house. 1909 - A more permanent schoolhouse was built.,,,,,,,,,,,,,
3750,SK173035,SK,173,35,Limerick,VL,324,1908.0,1908 - Settlement in the RM of Stonehenge was taking hold.,1913.0,,1913.0,CPR,1908,1908 - First postmaster appointed.,1917.0,1917 - Limerick Methodist Church; 1919 - St. Margaret's Anglican Church; 1922 - St. Mary's Roman Catholic Church,1911.0,1911 - Limerick one-room schoolhouse opened.,,,First doctor (John William Corrigal) undated; no significant dates provided.,1913.0,"1913 - ""A constable"" was appointed, unclear if it was town or RNWMP, but likely the latter.",1915.0,1915 - Earliest burial in Hillcrest Cemetery,,,,,,https://digitalcollections.ucalgary.ca/asset-management/2R3408NWX0F
3758,SK173043,SK,173,43,Readlyn,VL,100,1908.0,,1913.0,,1912.0,CPR,1908,1908 - First postmaster appointed.,1915.0,1915 - Readlyn United Church,1914.0,1914 - First school in Readlyn opened.,,,,,,1912.0,1912 - Earliest burial in Readlyn Cemetery.,,,,,,
3757,SK173042,SK,173,42,Ponteix,VL,330,1908.0,"1908 - Settlement began with Notre Dame d'Auvergne, but when the railway arrived in 1913, the site was moved to match it and was renamed to Ponteix.",1914.0,,1914.0,CPR,1908,1908 - Auvergne Post Office established; 1914 - Ponteix Post Office established,1908.0,1908 - Notre Dame D'Auvergne Roman Catholic Church at Auvergne; 1916 - Notre Dame D'Auvergne Roman Catholic Church in Ponteix; 1916 - Unnamed Presbyterian Church; ,1911.0,1911 - Auvergne one-room schoolhouse built; later moved to Ponteix but date of move is unclear (possibly 1914?),,1911.0,1911 - First doctor (O. Lupien); 1917 - Gabriel-St. Joseph Catholic Hospital opened.,1914.0,"1914 - A police station was authorized in Ponteix, possibly staffed by the Saskatchewan Provincial Police?",1909.0,1909 - Earliest burial in Ponteix Roman Catholic Cemetery,1914.0,1914 - The Ponteix Spectator; 1927 - The Ponteix Reporter; more post-1944,,,,https://digitalcollections.ucalgary.ca/asset-management/2R3BF1F0GWB3S
4108,SK180038,SK,180,38,Raymore,VL,280,1908.0,"Homesteading in the area began in 1904, but the town was surveyed and established by 1908.",1909.0,,1908.0,GTPR,1909,1909 - First postmaster appointed.,1909.0,1909 - Sacred Heart Roman Catholic Church; 1911 - St. Martin's Anglican Church; 1918 - Ramyore Union Church; 1918 - Raymore Baptist Church,1911.0,1911 - First schoolhouse opened in Raymore.,,,"No dates given, but resident doctors listed (Dr. Downing, Dr. D. G. Bleakly, Dr. Nelles).",1918.0,Earliest dated mention of a constable (George Santer).,1911.0,1911 - Earliest burial in Raymore Cemetery.,1910.0,1910 - The Raymore Recorder,,,,https://digitalcollections.ucalgary.ca/asset-management/2R3BF1O1QSZXI
4105,SK180035,SK,180,35,Punnichy,VL,200,1908.0,,1909.0,,1908.0,GTPR,1909,1909 - First postmaster appointed.,1914.0,1914 - St. David's Anglican Church; 1921 - Unnamed Presbyterian church; ,1909.0,1909 - First school built in Punnichy.,1888-1996 - Gordon's Indian Day School,1908.0,1908 - First resident doctor (A. C. Phillips).,1909.0,1909 - Earliest presence of an RNWMP detachment in Punnichy.,1914.0,1914 - Punnichy Cemetery established.,,,,,,https://digitalcollections.ucalgary.ca/asset-management/2R3BF1FPLED76
4101,SK180031,SK,180,31,Leross,VL,86,1908.0,"Originally called Eden, later changed to LeRoss.",1909.0,,1908.0,GTPR,1909,1909 - First postmaster appointed.,,No churches in Leross prior to 1936.,1909.0,1909 - First school built in Leross.,,,,,,,,,,,,,https://digitalcollections.ucalgary.ca/asset-management/2R3BF1O1A98M3
4165,SK181054,SK,181,54,Young,VL,310,1908.0,"Settlers started arriving in 1904, but the arrival of the railway founded the townsite.",1910.0,,1907.0,1908 - GTPR; 1910 - CPR,1909,1909 - First postmaster appointed.,1912.0,1912 - St. Patrick Roman Catholic Church; 1913 - Unnamed Union church; 1916 - Young Covenant Church (a Protestant denomination); 1917 - St. Peter's Anglican Church;,1912.0,First schoolhouse in Young built in either 1911 or 1912.,,,"A Mrs. Grant is noted for having operated the first nursing home (for mothers, not seniors) in Young, but is undated.",1911.0,1911 - Young hired a town constable this year.,1914.0,1914 - Earliest burial in Young Cemetery; 1915 - Earliest burial in Old St. Patrick Cemetery,1912.0,1912 - The Young Journal,,,,https://digitalcollections.ucalgary.ca/asset-management/2R3BF1OX9UK_U
4107,SK180037,SK,180,37,Quinton,VL,97,1908.0,,1910.0,,1908.0,GTPR,1909,1909 - First postmaster appointed.,1907.0,1907 - Unnamed German Catholic church (possibly Immaculate Conception Roman Catholic Church),1909.0,1909 - First school built in Quinton.,,,,,Undated - Only mention of town police (Charles Maggs).,1909.0,1909 - Earliest burial in Quinton Catholic Cemetery,,,,,,
3834,SK175031,SK,175,31,Atwater,VL,83,1908.0,,1910.0,,1907.0,GTPR,1909,1909 - First postmaster appointed.,1916.0,"1916 - Kristiana Lutheran Church (partially built, everything but the basement destroyed by a cyclone, but services were held in the basement until building was completed in 1923)",,Between 1909-1911 - First school built in Atwater.,,,,,,1910.0,1910 - Earliest burial in Atwater Community Cemetery; 1910 - Earliest burial in Kristiana Lutheran Cemetery,,,,,,https://digitalcollections.ucalgary.ca/asset-management/2R3BF1F3RCQNX
4152,SK181041,SK,181,41,Glenside,VL,165,1908.0,,1911.0,,1909.0,CPR,1909,1909 - First postmaster appointed.,1916.0,1916 - Glenside Presbyterian Church,1910.0,1910 - First school in Glenside opened.,,,,,,1907.0,1907 - Earliest burial in Glenside Community Cemetery.,,,,,,https://digitalcollections.ucalgary.ca/asset-management/2R3BF1SJLDQT3
4162,SK181051,SK,181,51,Strongfield,VL,119,1908.0,"Townsite originally called Conan, but was renamed Langevin, then Strongfield.",1912.0,,1909.0,CPR,1909,1909 - First postmaster appointed.,1909.0,"1909 - New Strongfield Methodist Church; ""Early 1920s"" - only date available for Lutheran Brethren Church",1911.0,1911 - First school built in Strongfield.,,,,1919.0,1919 - Earliest mention of a village constable (no name given) in Strongfield.,,,,,1901.0,1901 - Saskatchewan Valley Land Company,,https://digitalcollections.ucalgary.ca/asset-management/2R3BF1F3U9ST1
4351,SK185041,SK,185,41,Hepburn,VL,178,1908.0,,1919.0,,1910.0,CNoR,1909,1909 - First postmaster appointed.,1910.0,1910 - Hepburn Mennonite Brethern Church,1913.0,1913 - First schoolhouse in Hepburn opened.,,1920.0,1920 - First resident doctor (Dr. Nickel) in Hepburn.,,,1911.0,1911 - Earliest burial in Hepburn Mennonite Cemetery,,,,,,
4260,SK183045,SK,183,45,Luseland,VL,249,1908.0,,1910.0,,1911.0,CPR,1910,1910 - First postmaster appointed.,1909.0,1909 - St. Francis Roman Catholic Mission; 1913 - St. John Lutheran Church; 1913 - Unnamed Presbyterian church; 1914 - Luseland Anglican Ministry (unclear if a church was built this year),1917.0,"1917 - By this time, children were attending school in Luseland, but unsure when the school was built.",,1911.0,1911 - Earliest dated doctor (Dr. Lenz) in Luseland.,1913.0,1913 - Luseland hired a constable from Kerrobert (Bill Tanner); 1914 - An unnamed village constable was hired,1911.0,1911 - Establishment of Luseland Cemetery; 1911 - Earliest burial in St. Francis d'Assisi Cemetery,1910.0,1910 - The Luseland Despatch,1908.0,1908 - The Luse Land [Development] Company; undated but likely around the same time - The International Land and Colonization Company,,https://digitalcollections.ucalgary.ca/asset-management/2R3BF1O8IJV7D (Vol 1) and https://digitalcollections.ucalgary.ca/asset-management/2R3BF1OAWKWKW (Vol 2)
3689,SK172023,SK,172,23,Ogema,T,345,1908.0,,1911.0,,1911.0,"CPR, CNoR",1910,1910 - First postmaster appointed.,1912.0,1912 - Holy Trinity Anglican Church; 1912 - Unnamed Methodist church,1911.0,1911 - First schoolhouse opened.,,1911.0,1911 - First doctor (Dr. Allen) in Ogema.,1911.0,1911 - First town constable hired.,1911.0,1911 - Earliest burial in Ogema Cemetery,1911.0,1911 - The Ogema Tribune (also called The Ogema Advocate),,,,
4051,SK179023,SK,179,23,Calder,VL,180,1908.0,The area was originally known as Logberg.,1911.0,,1910.0,CNoR,1911,1911 - First postmaster appointed.,1900.0,"Prior to 1900 - Sts. Peter and Paul Ukrainian Orthodox Church (date based on earliest cemetery burial, no other info available); 1931 - Calder United Church",1912.0,1912 - First schoolhouse in Calder built.,,1918.0,1918 - First hospital built in Calder.,,,1900.0,1900 - Earliest burial in Sts. Peter and Paul Ukrainian Orthodox Cemetery; ,,,,"Undated - James A. Calder was involved with the Western Canada Land and Development Company, but unclear if that company was involved in settling Calder.",,https://digitalcollections.ucalgary.ca/asset-management/2R3BF1ORQLZ5I
3848,SK175045,SK,175,45,MacNutt,VL,179,1908.0,Village site was relocated around 1910 at the request of CNoR.,1913.0,,1910.0,CNoR,1911,1911 - First postmaster appointed.,1907.0,1907 - Christ Lutheran Church,1914.0,1914 - First schoolhouse in MacNutt.,,1925.0,Undated but prior to WWI - registered nurse in MacNutt (Jennie Coleman); 1925 - First resident doctor (John Lee) in MacNutt.,,After 1918 - earliest mention of village constable (Frank Rupp).,1908.0,1908 - Earliest burial in Christ Lutheran Cemetery,,,1887.0,"1887 - Thomas MacNutt was a manager for the Commercial Colonization Company and the Canada Settlers Company, though unclear if the company was part of settling the village of MacNutt.",,https://digitalcollections.ucalgary.ca/asset-management/2R3BF1ORQLZ5I
4015,SK178036,SK,178,36,Hughton,VL,88,1908.0,,1913.0,,1913.0,CNoR,1911,1911 - First postmaster appointed.,1924.0,1924 - Hughton United Church,1916.0,1916 - First school opened in Hughton. Prior schools were outside the townsite.,,,,,,1904.0,1904 - Earliest burial in Hughton Monet Cemetery.,,,,,,https://digitalcollections.ucalgary.ca/asset-management/2R3BF1F0GGNN0
4005,SK178026,SK,178,26,Cabri,T,532,1908.0,"1908 - Settlers start arriving in the area. 1912 - First post office, first council of the Village of Cabri.",1912.0,,1911.0,CPR,1912,1912 - First post office opened.,1912.0,1912 - Unnamed Methodist church; 1916 - Scandia Evangelical Lutheran Church; 1928 - St. Andrew's Anglican Church; ,1913.0,1913 - First schoolhouse opened.,,,,1915.0,1915 - RNWMP Division A was present in Cabri.,1913.0,1913 - Earliest burial in Cabri Cemetery.,1912.0,1912 - The Cabri Clarion,,,,
4438,SK187031,SK,187,31,Turtleford,VL,288,1908.0,"Homesteading began in 1904, but buildings in what would become Turtleford began in 1908.",1914.0,,1914.0,CNoR,1913,1913 - First postmaster appointed.,1918.0,"Prior to 1918 - Turtleford United Church (either Presbyterian or Methodist, unsure); 1927 - Holy Trinity Anglican Church ",1916.0,1916 - First school opened.,,1928.0,"Earliest doctors undated but prior to 1928 (Dr. Allen, Dr. Joyce, Dr. McClelland, Dr. Baker and Dr. Nunn.).",1901.0,1901 - NWMP Division C had been in the area since at least this time.,1913.0,1913 - Earliest burial in Turtleford Cemetery.,1915.0,1915 - The Turtleford Record,,,,https://digitalcollections.ucalgary.ca/asset-management/2R3BF1SJLAAFF
4212,SK182045,SK,182,45,Tessier,VL,68,1909.0,,1909.0,,1908.0,CNoR,1906,1906 - First postmaster appointed.,1913.0,1913 - Unnamed Presbyterian church,1910.0,1910 - First school opened in Tessier.,,1904.0,1904 - Early village doctor (Dr. Tessier) for whom the village is named.,,,1910.0,1910 - Tessier Cemetery established.,,The 1910s - The Tessier Times.,,,,
3971,SK177043,SK,177,43,Marquis,VL,126,1909.0,Originally called Grande Prairie until 1907.,1910.0,,1908.0,CPR,1907,1907 - First postmaster appointed.,1910.0,1910 - Unnamed Presbyterian church; 1916 - St. John the Evangelist Roman Catholic Church,1912.0,1912 - First school moved to the village of Marquis (school was built in 1903).,,,,,,1920.0,1920 - Earliest burials in both Marquis Cemetery and St. John's Cemetery. Unable to find earlier cemeteries.,,,,,,
3906,SK176047,SK,176,47,Findlater,VL,93,1909.0,,1911.0,,1889.0,QLSRSC,1908,1908 - First postmaster appointed.,1914.0,1914 - Christ Church (Anglican); 1920 - United Church of Findlater,1909.0,1909 - First school opened in Findlater.,,,,1912.0,1912 - Early village constable (Arthur Machan).,1911.0,1911 - Earliest burial in Findlater Cemetery.,,,,,,
3960,SK177032,SK,177,32,Bridgeford,VL,63,1909.0,,1912.0,,1908.0,CPR,1909,1909 - First postmaster appointed.,1913.0,1913 - Bridgeford Presbyterian Church; 1928 - St. Helen Roman Catholic Church,1907.0,"1907 - First school built in Fairdale School District, which became Bridgeford SD in 1920.",,1909.0,1909 - First village doctor (Dr. Hodgeson) in Bridgeford.,,,1914.0,1914 - Bridgeford Cemetery established.,,,,,,https://digitalcollections.ucalgary.ca/asset-management/2R3408NWDEY
3657,SK171038,SK,171,38,Lampman,VL,163,1909.0,,1910.0,,1911.0,1911 - CNoR; 1913 - GTPR,1910,1910 - First postmaster appointed.,1913.0,1913 - Our Lady of Seven Dolors Roman Catholic Church; 1921 - Lampman Presbyterian Church,1915.0,1915 - First schoolhouse opened in Lampman.,,1910.0,1910 - First doctor (Dr. Corrigan) in Lampman; 1917 - Lampman Union Hospital built.,1912.0,1912 - RNWMP stationed in Lampman.,1885.0,1885 - Earliest burial in Elm Lawn Cemetery.,,Undated - The Lampman Weekly News,,,,
4247,SK183032,SK,183,32,Brock,VL,136,1909.0,,1910.0,,1910.0,CNoR,1910,1910 - First postmaster appointed.,1913.0,1913 - Brock Presbyterian Church; 1913 - Brock Methodist Church,1910.0,1910 - First school opened in Brock.,,1910.0,1910 - First medical health officer (W. A. Clarke) in Brock.,1911.0,1911 - Earliest mention of a village constable (E. F. Mott) in Brock.,1914.0,1914 - Earliest burial in Brock Cemetery.,1910.0,1910 - The Brock Weekly News,,,,
4056,SK179028,SK,179,28,Pelley,VL,288,1909.0,"1824 - Fort Pelly established; 1899 - Doukhobor immigrants began settling in the area, followed soon by other settlers, and the townsite was established with the coming of the railroad.",1911.0,,1906.0,CNoR,1910,1889 - First postmaster appointed at Fort Pelly; 1910 - First postmaster appointed at Pelly.,1910.0,1910 - St. Alban Anglican Church; 1922 - Pelly Presbyterian Church,1910.0,1910 - First school opened in Pelly.,1905-1913 - Fort Pelly (St. Philip's) Residential School,1911.0,1911 - First doctor (Dr. McGregor) in Pelly.,1910.0,"NWMP had been in the Pelly area due to Fort Livingstone since the 1870s, but the RNWMP opened the first detachment in Pelly proper in 1910.",1914.0,1914 - Earliest burial at St. Philip's Roman Catholic Cemetery; 1914 - Earliest burial at Greenwood Cemetery,1912.0,1912 - The Pelly North Star,,,,https://digitalcollections.ucalgary.ca/asset-management/2R3BF1OFAN5IH
4205,SK182038,SK,182,38,McGee,VL,38,1909.0,,1913.0,,1910.0,"CNoR, CPR",1910,1910 - First postmaster appointed.,1927.0,1927 - The McGee Church (denomination unclear),1911.0,1911 - First teacher in McGee. School date unavailable.,,,,,,,,,,,,,
4239,SK183024,SK,183,24,Alsask,T,360,1909.0,Settlers began homesteading in the area in 1909.,1910.0,,1911.0,CNoR,1911,1911 - First postmaster appointed.,1911.0,1911 - St. Augustine Anglican Church; 1915 - Missionary Church (Mennonite); 1911 - Alsask Methodist; 1911 - Alsask Presbyterian,1911.0,1911 - First schoolhouse built.,,,Undated - First doctor mentioned (Dr. Whaley).,1915.0,1915 - RNWMP Division C active in Alsask.,1911.0,1911 - Earliest burial in Alsask Cemetery,1911.0,1911 - The Alsask News,,,,
4250,SK183035,SK,183,35,Denzil,VL,136,1909.0,,1911.0,,1911.0,CPR,1911,1911 - First postmaster appointed.,1914.0,1913 or 1914 - Denzil Sacred Heart Roman Catholic Church; Undated but likely in the 1920s - Denzil Union Church,1911.0,1911 - First school in Denzil opened.,,,,,,1909.0,1909 - Earliest burial in Denzil Old Community Cemetery; 1913 - Denzil Sacred Heart Catholic Cemetery established,,,,,,
3900,SK176041,SK,176,41,Dilke,VL,81,1909.0,,1912.0,,1911.0,CPR,1911,1911 - First postmaster appointed.,1914.0,1914 - St. Lucy's Anglican Church; 1914 - Unnamed Presbyterian church,1911.0,1911 - First school built in Dilke.,,,,1913.0,1913 - First village constable (Thomas Domaille) in Dilke.,1907.0,1907 - Earliest burial in Dilke Cemetery.,,,,,,
3747,SK173032,SK,173,32,Hazenmore,VL,187,1909.0,,1913.0,,1914.0,CPR,1913,1913 - First postmaster appointed.,1916.0,1916 - St. James Anglican Church;,1916.0,1916 - First school in Hazenmore.,,,"Early doctors (undated) are Dr. Kitchen, Dr. Jutras, Dr. Robertson, Dr. Tucker, Dr. Moore, and Dr. Donnelly.",1913.0,1913 - First constable (Sam G. Cooper) hired.,1917.0,1917 - Earliest burial in Hazenmore Cemetery.,,,,,,
4011,SK178032,SK,178,32,Elrose,VL,217,1909.0,"Originally named LaBerge, settlement of the Elrose townsite was underway by 1909.",1914.0,,1913.0,CNoR,1913,1913 - First postmaster appointed.,1916.0,"1916 - Elrose United Presbyterian Church moved to Elrose townsite, but ""sometime later, lots were purchased and the church was placed on a permanent site after a basement had been poured"" but no date given for this.",1915.0,1915 - First school in Elrose opened.,,1913.0,1913 - First resident doctor (R. H. Burrell) in Elrose.,1915.0,1915 - RNWMP Division F present in Elrose.,1914.0,1914 - Earliest burial in Elrose Cemetery.,1915.0,1915 - The Elrose Review,,,,https://digitalcollections.ucalgary.ca/asset-management/2R3BF1F0GGNN0
3924,SK176065,SK,176,65,Silton,VL,98,1910.0,,1914.0,,1911.0,CPR,1888,1888 - First postmaster appointed.,1928.0,1928 - Silton United Church,1912.0,1912 - First school built in Silton.,,1905.0,1905 - First resident doctor for the RM (Dr. Wilson).,,,1912.0,1912 - Earliest burial in Silton Cemetery.,,,,,,https://digitalcollections.ucalgary.ca/asset-management/2R3BF1OD7J052
4155,SK181044,SK,181,44,Imperial,VL,305,1910.0,"Settlers began in the area in 1903, establishing the settlement of Watertown, but Imperial proper was founded in 1910.",1911.0,,1911.0,CPR,1907,1907 - First postmaster appointed.,1911.0,1911 - Imperial Presbyterian Church; 1912 - St. George Anglican Church ,1906.0,1906 - First school called Lake City opened. No info on the date for the first school in Imperial proper.,,1911.0,1911 - Early doctor (T. J. Waugh) arrived in Imperial.,1913.0,"Between 1911-1913 - Earliest dated town constables (H. Nelson, A. E. Harris, Arthur Lee, Alex Watt)",1911.0,1911 - Earliest burial in Imperial Cemetery,1911.0,1911 - The Imperial Review,,,,https://digitalcollections.ucalgary.ca/asset-management/2R3BF1O1GCOKS
4206,SK182039,SK,182,39,Milden,VL,151,1910.0,"Originally named Tisbest, then Jordanville, before settling on Milden in 1911.",1911.0,,1911.0,CPR,1907,1907 - First postmaster appointed.,1913.0,1913 - Milden Union Church; 1921 - Unnamed Anglican church,1913.0,1913 - First school in Milden built.,,1915.0,"Early doctors in Milden: 1915 - Dr. George, 1916 - Dr. Gordon.",1911.0,1911 - First village constable (C. Foster) in Milden.,1912.0,1912 - Earliest burial in Milden Cemetery.,1912.0,1912-1916 - The Milden Times; 1919-1923 - The Milden Chronicle; 1925-1928 - The Milden Standard,,,,
4264,SK183049,SK,183,49,Plenty,VL,135,1910.0,,1911.0,,1911.0,"CPR, GTPR",1907,1907 - First postmaster appointed.,1918.0,Undated - Unnamed Anglican church; 1918 - Unnamed Presbyterian church;,1912.0,1912 - First school opened in Plenty.,,1910.0,1910 - First doctor (Dr. Harvey) in Plenty.,,,1912.0,1912 - Earliest burial in Plenty Community Cemetery.,,Prior to 1914 - The Plenty Planet.,,,,
3969,SK177041,SK,177,41,Lawson,VL,87,1910.0,,1916.0,,1914.0,GTPR,1907,1907 - First postmaster appointed.,,Between 1915-1921 - Unnamed Presbyterian church;,1916.0,"1916 - Classes started in Lawson in the cafe, but school construction date sunclear.",,,Undated - Early doctor (P. S. Straith) in Lawson.,,,,,,,,,,https://digitalcollections.ucalgary.ca/asset-management/2R3408NWDEY
4252,SK183037,SK,183,37,Druid,VL,70,1910.0,,,,1911.0,"CPR, GTPR",1908,1908 - First postmaster appointed.,1927.0,1927 - Druid United Church,1912.0,1912 - First school in Druid.,,,,,,1905.0,1905 - Earliest burial in Dodsland Druid Cemetery.,,,,,,
3690,SK172024,SK,172,24,Radville,T,883,1910.0,1910 - Chosen because it was when the post office was created.,1911.0,,1911.0,CNoR,1909,1909 - First postmaster appointed. 1910 - First post office created.,1912.0,1912 - Unnamed Roman Catholic church (now Church of the Holy Family); 1912 - The Methodist Church; 1913 - Saint Etheldreda's Anglican Church,1913.0,1913 - Radville Public School opened. Prior classes had been in a rented room.,,,"LHS mentions wanting to build a hospital in 1919, but I can't find record of a hospital in Radville before the 1940s.",1911.0,1911 - A town constable was appointed.,1910.0,1910 - Earliest burial in the Radville Laurier Cemetery.,1911.0,1911 - The Radville News (later renamed The South Saskatchewan Star),,,,https://digitalcollections.ucalgary.ca/archive/Radville-Laurier--the-Yesteryears-2R34080JJIIZ.html
3711,SK172045,SK,172,45,Pangman,VL,61,1910.0,,1911.0,,1911.0,"CPR, CNoR",1909,1909 - First postmaster appointed.,1911.0,1911 - Unnamed Methodist church; 1914 - Holy Angels Roman Catholic Church,1911.0,1911 - First school built in Pangman.,,1912.0,1912 - First doctor (G. Kells) in Pangman.,,,1906.0,1906 - Earliest burial in Pangman Cemetery.,,,,,,
3752,SK173037,SK,173,37,Meyronne,VL,247,1910.0,Townsite was initially established elsewhere in 1910 but moved to meet the railway in 1913.,1913.0,,1914.0,CPR,1909,1909 - First postmaster appointed.,1913.0,1910 - Our Lady of Lourdes Roman Catholic Church (moved to Meyronne townsite in 1913); 1914 - Unnamed Presbyterian church,1916.0,1916 - First public school built in Meyronne; 1920 - First separate school in Meyronne.,,,Undated but likely around the time of establishment - first doctor in Meyronne (Dr. Donnelly).,1920.0,"1920 - Only date found for RNWMP presence in Meyronne, with a depot established there, though it's very likely they were in the area long before this date.",1910.0,1910 - Earliest burial in Meyronne Cemetery.,,"Undated but ""early in the life of Meyronne"" - The Meyronne Independent",,,,https://digitalcollections.ucalgary.ca/asset-management/2R3BF1FJFT6FG
4240,SK183025,SK,183,25,Kerrobert,T,788,1910.0,1910 - Established by CPR.,1910.0,,1911.0,CPR,1910,1910 - First postmaster appointed.,1912.0,1912 - St. Francis Regis Catholic Church; 1912 - St. Paul's Anglican Church; 1920 - The Union Church,1911.0,1911 - Kerrobert School Divison #2795 was built.,,1919.0,"1910 - Labelled only ""the first hospital"", seems likely it was a cottage hospital. 1919 - First confirmed stand-alone hospital opened.",1912.0,"1912 - Town policeman was appointed. 1915 - RNWMP Division ""C"" was present in Kerrobert; 1917 - The Sasaktchewan Provincial Police was also active in Kerrobert.",1889.0,1889 - Earliest burial in Kerrobert Cemetery.,1920.0,"1920 - The Kerrobert Citizen (first found date, but very likely established earlier)",1905.0,1905-1910 - The Catholic Colonization Society at St. Joseph's Colony right near Kerrobert.,,
3799,SK174034,SK,174,34,Piapot,VL,232,1910.0,,1912.0,,1882.0,"CPR (was laid earlier than this but no date given, but the railroad was moved to its final location in the Piapot townsite in 1908)",1910,1910 - First post office opened; 1911 - First recorded postmaster appointed.,1914.0,1914 - Piapot Anglican Church; 1914 - Unnamed Methodist church; 1925 - St. John Chrysostom Roman Catholic Church,1914.0,1914 - First recorded teacher in Piapot School Division #378. No school construction dates given.,,1913.0,1913 - First doctor in Piapot (Dr. Gibson).,,"NWMP in the area since settlement began, but no specific dates given for law enforcement in Piapot.",1893.0,1893 - Earliest burial in Piapot Cemetery.,,,,,,https://digitalcollections.ucalgary.ca/asset-management/2R3408TYHSLA
4023,SK178044,SK,178,44,Sceptre,VL,266,1910.0,"The district was opened to homesteading in 1908, but the townsite was established with the railway. ",1913.0,,1913.0,CPR,1910,1910 - First postmaster appointed.,1917.0,1917 - St. Andrew's Presbyterian Church,1916.0,"1916 - First classes held, but in rooms above a store; unable to find info on standalone school for Sceptre.",,1913.0,1913 - First doctor (Dr. Simpson) in Sceptre.,1913.0,"1913 - ""A Constable was not appointed, the Village placed itself under the protection of the R.N.W.M.P. without salary, but with power to enforce village by-laws.”",1919.0,1919 - Earliest buial in Sceptre Memorial Cemetery.,,,,,,https://digitalcollections.ucalgary.ca/asset-management/2R3BF1SJLALAL
3839,SK175036,SK,175,36,Duff,VL,111,1910.0,"Originally settled as the Primitive Methodist Colony in 1882, but the founding of the village itself began around 1910.",1920.0,,1911.0,GTPR,1910,1910 - First postmaster appointed.,1910.0,1910 - St. Margaret's Anglican Church; 1921 - St. Peter's Luthern Church,1912.0,1912 - First school opened in Duff.,,,,,,1912.0,1912 - Earliest burial in Duff Village Cemetery.,,,1882.0,1882 - The Primitive Methodist Colonization Company Limited,,
3700,SK172034,SK,172,34,Forward,VL,47,1910.0,"Forward moved in 1914 to meet the CNoR, and the original town was renamed to Axford. In practice, buildings from Forward were scattered between the original townsite and the new one.",,,1910.0,"1910 - CPR (at the original townsite); 1914 - CNoR (technically, the town moved to CNoR)",1910,1910 - First postmaster appointed.,,,1914.0,1914 - First school moved into the village of Forward.,,1910.0,1910 - First doctor (Dr. Macdonald) in Forward.,,,,,,,,,,
4161,SK181050,SK,181,50,Simpson,VL,217,1910.0,"Area settlement began in 1903, but townsite established in 1910. ",1911.0,,1911.0,CPR,1911,1911 - First postmaster appointed.,1912.0,1912 - Holy Trinity Anglican Church; 1915 - St. John's Presbyterian Church; 1926 - St. Philip's Roman Catholic Church (was built in 1912 but moved to Simpson townsite in 1926),1913.0,1913 - First school in Simpson built.,,1911.0,1911 - First doctor (M. J. Gibson) in Simpson.,1912.0,1912 - Earliest mention of a town constable (Chas. Dupont) in Simpson.,1911.0,1911 - Earliest burial in Simpson Cemetery; 1921 - St. Philip Catholic Cemetery established,1914.0,"Prior to 1914 - Earliest date given for The Recorder, but was definitely established earlier; 1916 - The Lance",,"1903 - The Saskatchewan Valley Land Company (""Many of the homesteaders were lured to Saskatchewan by an extensive advertising campaign waged by the Saskatchewan Valley Land Company."")",,https://digitalcollections.ucalgary.ca/asset-management/2R34082HYPUJ
4200,SK182033,SK,182,33,Herschel,VL,127,1910.0,,1911.0,,1911.0,CPR,1911,1911 - First postmaster appointed.,,Around 1911 or 1912 (undated) - Unnamed Methodist church,1912.0,1912 - Herschel school district formed. No date given for school construction.,,1911.0,1911 - First doctor (Dr. Guyatte) in Herschel.,1911.0,1911 - First village constable (Mr. De Forest).,1906.0,1906 - Earliest burial in Mountain View Cemetery.,,,,,,
4195,SK182028,SK,182,28,Bounty,VL,122,1910.0,"Originally supposed to be named Botany, a spelling mistake resulted in the name being Bounty.",1911.0,,1911.0,"CPR, CNoR",1911,1911 - First postmaster appointed.,1912.0,1912 - St. Hilda's Anglican Church; 1913 - Union Church at Bounty,1913.0,1913 - First school opened in Bounty.,,1911.0,1911 - First doctor (N. George) in Bounty.,1911.0,1911 - First village constable (Frank Bishop) in Bounty.,1904.0,1904 - Fertile Valley Cemetery established.,,Undated but around 1911 - The Fertile Valley Echo.,,,,
4157,SK181046,SK,181,46,Liberty,VL,161,1910.0,,1912.0,,1911.0,CPR,1911,1911 - First postmaster appointed.,1917.0,1917 - Bethel Protestant Church,1908.0,"1908 - First school in Liberty (Free Soil School) opened for a year, closed from 1910 to 1912, then reopened.",,1912.0,1912 - First resident doctor (Dennis Sweeney) in Liberty.,1912.0,1912 - First village constable (Robert Currie) in Liberty.,1911.0,1911 - Earliest burial in Liberty Cemetery,1912.0,1912 - The Liberty Press,,"Undated - ""The Saskatchewan Valley Land Company, later known as the Pearson Land Company, was particularly active in the Liberty district.""",,
3742,SK173027,SK,173,27,Aneroid,VL,221,1910.0,Townsite established with the arrival of the railway.,1913.0,,1914.0,CPR,1911,1911 - First postmaster appointed.,,Undated but prior to 1918 - Unnamed Baptist church; Undated but prior to 1918 - Unnamed Anglican church; Undated but prior to 1925 - Aneroid Union Church,1910.0,1910 - First sod schoolhouse built in Aneroid (in Indianola School District).,,,Undated but likely around 1914 - First resident doctor (Dr. Coulter) in Aneroid.,1913.0,1913 - Earliest dated mention of a town constable (J. A. Ashby) in Aneroid.,1918.0,1918 - Earliest burial in Aneroid Cemetery.,1914.0,1914 - The Aneroid Magnet (later renamed The News Magnet).,,,,
4254,SK183039,SK,183,39,Flaxcombe,VL,116,1910.0,"Originally called Harwell, changed to Flaxcombe in 1913.",1913.0,,1911.0,CNoR,1911,1911 - First postmaster appointed.,1911.0,1911 - Harwell Methodist Church,1914.0,1914 - First school opened in Flaxcombe.,,,"For health care, it seems Flaxcombe residents had to go to Kindersley.",1916.0,Between 1914-1916 - Earliest mention of a village constable (Constable Leeson) in Flaxcombe.,1914.0,1914 - Earliest burial in Flaxcombe Cemetery.,,,,,,https://digitalcollections.ucalgary.ca/asset-management/2R3BF1FCU1HFO
4210,SK182043,SK,182,43,Stranraer,VL,63,1910.0,,1913.0,,1911.0,CPR,1911,1911 - First postmaster appointed.,,No churches in Stranraer prior to 1929.,1912.0,1912 - First school built in Stranraer.,,,,,,1910.0,1910 - Earliest burial in Stranraer Cemetery.,,,,,,
3800,SK174035,SK,174,35,Robsart,VL,100,1910.0,,1915.0,"Incorporation may have been in 1914, records are unclear.",1914.0,CPR,1911,1911 - First postmaster appointed.,1920.0,1920 - Unnamed Presbyterian church; 1924 - Robsart Lutheran Church,1916.0,1916 - First school built in Robsart.,,1914.0,"1914 - First doctor, though not a resident (Dr. Hardemann) in Robsart. 1917 - Robsart Public Hospital built, attracting the first resident doctor (Dr. Rice).",1914.0,1914 - Early village constable (A. Bricker) in Robsart.,1910.0,1910 - Earliest burial in Robsart Cemetery.,1917.0,1917 - Earliest date for The Messenger in Robsart.,,,,
4266,SK183051,SK,183,51,Salvador,VL,165,1910.0,"LHB says ""the village of Salvador [...] had its beginning on September 15, 1910"". Unclear if this is establishment or incorporation date.",,,1911.0,CPR,1911,1911 - First postmaster appointed.,,"Undated and unnamed for all - United church, Anglican church, Catholic church.",1911.0,1911 - First school opened in Salvador.,,1917.0,1917 - First resident doctor (Dr. Coffyn) in Salvador.,,,1915.0,1915 - Earliest burial in Salvador Community Cemetery.,,,,,,
3760,SK173045,SK,173,45,Vanguard,VL,299,1910.0,It was in 1910 that CPR purchased the townsite that would become Vanguard.,1912.0,,1912.0,CPR,1912,1912 - First postmaster appointed.,1913.0,"1913 - St. Joseph's Roman Catholic Church; 1913 - Unnamed Presbyterian church; 1915 - Holy Trinity Anglican Church (may have been built prior, this was first date given); ",1914.0,1914 - First standalone school built in Vanguard.,,1913.0,1913 - First dated mention of a doctor (Dr. Woods) but unsure if he was resident.,1913.0,1913 - A detachment of the RNWMP existed in Vanguard.,1917.0,1917 - Vanguage Cemetery was established.,1912.0,1912 - The Southern Sentinel; 1921 - The News,,,,
4052,SK179024,SK,179,24,Hyas,VL,95,1910.0,,1919.0,,1910.0,CNoR,1912,1912 - First postmaster appointed.,1912.0,1912 - Evangelical Covenant Church of Hyas,1914.0,1914 - First school built in Hyas.,,,,,,1908.0,1908 - Earliest burial in Evangelical Convent Church Cemetery,,,,,,
3905,SK176046,SK,176,46,Edenwold,VL,131,1911.0,Also called Neu Tulscha/Toulcha.,1912.0,,1911.0,GTPR,1890,1890 - First postmaster appointed.,1893.0,Prior to 1909 - Edenwold Baptist church; 1893 - St. John's Lutheran Church,1912.0,1912 - First school built in Edenwold (first school in the S.D. built in 1888).,,1915.0,1915 - Early medical health officer (Dr. Akroyd) appointed in Edenwold.,1912.0,"1912 - First village constable hired in 1912. Village constables named (unsure of order): ""Val Gattinger, Joe Hein, Bill Galezoski, Karl Wirth, Karl Lenzin, Joe Renner, John Liutvinskas, [...] Joe Miller.""",1889.0,1889 - Earliest burial in St. John Lutheran Cemetery; 1912 - Earliest burial in Edenwold Cemetery.,,,,,,
3894,SK176035,SK,176,35,Briercrest,VL,175,1911.0,"While settlers had been in the area since at least 1902, the townsite was established with the railway.",1912.0,,1911.0,CNoR,1903,1903 - First postmaster appointed.,1913.0,1913 - Briercrest Methodist Church; 1920 - Knox Presbyterian Church,1915.0,1915 - Briercrest School opened.,,1912.0,1912 - Early doctor (A. L. Hl MacNeill) in Briercrest.,1912.0,Around 1912 - First town constable (Jack Knight).,1915.0,1915 - Earliest burial in Briercrest Cemetery.,,,,,,
3920,SK176061,SK,176,61,Penzance,VL,98,1911.0,,1912.0,,1911.0,CPR,1905,1905 - First postmaster appointed.,1912.0,Church building dates unavailable. 1912 - Anglican congregation established; 1912 - Presbyterian congregation established.,1914.0,1914 - First school opened in Penzance.,,1916.0,1916 - First municipal doctor (H. J. Schmidt) in the Penzance area.,,,1907.0,1907 - Earliest burial in Penzance Cemetery.,1913.0,1913 - The Penzance Enterprise (ran for 8 months),,,,https://digitalcollections.ucalgary.ca/asset-management/2R3BF1SJL89J3
3695,SK172029,SK,172,29,Bromhead,VL,139,1911.0,"Originally called Hamar after the post office in the area, later called Bromhead when townsite was established.",1913.0,,1913.0,CPR,1905,1905 - First postmaster appointed.,,,1916.0,1916 - First school built in Bromhead.,,,Undated - early doctor mentioned (Dr. Brown).,,,1907.0,1907 - Earliest burial in Bromhead Municipal Cemetery,,Undated but prior to 1916 - The Bromhead News,,,,
4208,SK182041,SK,182,41,Sovereign,VL,142,1911.0,,1912.0,,1911.0,CPR,1907,1907 - First postmaster appointed.,1912.0,1912 - Sovereign Church (Presbyterian and Methodist),1914.0,1914 - First school in Sovereign opened.,,1911.0,1911 - First doctor (Dr. Johnston) in Sovereign.,,,1917.0,1917 - Sovereign Cemetery established.,,,,,,https://digitalcollections.ucalgary.ca/asset-management/2R3BF1OV5K5K5
3713,SK172047,SK,172,47,Truax,VL,112,1911.0,,1912.0,,1911.0,CNoR,1907,1907 - First postmaster appointed.,1917.0,1917 - St. Anne's Roman Catholic Church,1913.0,1913 - First school built in Truax.,,,,,,1912.0,1912 - Earliest burial in Truax Cemetery.,,,,"Date unclear - The Dollar Land Company in Truax contributed to colonization, but not the establishment of the village.",,
3746,SK173031,SK,173,31,Expanse,VL,126,1911.0,"Originally called Lake Johnston, changed to Expanse in 1912.",1912.0,,1912.0,"CPR, CNoR",1908,1908 - First postmaster appointed.,1912.0,1912 - St. James Presbyterian Church,1914.0,1914 - First school opened in Expanse.,,,Prior to 1918 - Two early doctors (G. Longault and W. T. D. Welsh) in Expanse.,1913.0,1913 - First village constable (Mr. Johnston) in Expanse; 1915 - RNWMP depot in Expanse.,1912.0,1912 - Expanse Cemetery established.,1916.0,1916 - The Advertiser,,,,
4256,SK183041,SK,183,41,Kelfield,VL,92,1911.0,,1912.0,,1912.0,"CPR, GTPR",1909,1909 - First postmaster appointed.,1917.0,1917 - St. Paul Presbyterian Church,1915.0,1915 - The Kelfield school was moved into the village of Kelfield.,,1914.0,1914 - Early resident doctor (Dr. Banting) opened a small hospital in Kelfield.,1919.0,1919 - Early village constable (Abe Wilson) appointed in Kelfield.,1909.0,1909 - Earliest burial in Kelfield Cemetery.,,,,,,https://digitalcollections.ucalgary.ca/asset-management/2R3BF1O1S0GEZ
3755,SK173040,SK,173,40,Neville,VL,151,1911.0,,1912.0,,1912.0,CPR,1910,1910 - First postmaster appointed.,1913.0,1913 - Earliest date given for Neville Methodist Church,1912.0,1912 - Neville School District established (no date given for the first school).,,,Undated - Early doctor (Dr. Gravol) in Neville.,1915.0,1915 - RNWMP Division A active in the Neville area.,1911.0,1911 - Earliest burial in Neville Cemetery.,1913.0,1913 - Earliest date given for The Neville Noise,,,,
3705,SK172039,SK,172,39,Khedive,VL,106,1911.0,,1916.0,,1910.0,"CPR, CNoR",1910,1910 - First postmaster appointed.,1914.0,1914 - Unnamed Presbyterian church,1920.0,Khedive school history unclear - 1920 is when the Khedive School District was formed.,,1916.0,1916 - Early doctor (Dr. Macdonald) in Khedive.,,,1910.0,1910 - Earliest burial in Khedive Cemetery.,,,,,,
4345,SK185035,SK,185,35,Cudworth,VL,331,1911.0,"Settlers in the area began arriving in 1891, but the townsite was established with the railway in 1911.",1911.0,,1912.0,GTPR,1911,1911 - First postmaster appointed.,1920.0,1920 - St. Michael's Roman Catholic Church; 1928 - Holy Eucharist Ukrainian Catholic Church; 1928 - Holy Trinity Ukrainian Orthodox Church,1913.0,1913 - First schoolhouse in Cudworth townsite.,,,"A cottage hospital in Cudworth existed, with Dr. Longeault as the physician, but no date given.",,,,,,,,,,
4209,SK182042,SK,182,42,Springwater,VL,106,1911.0,,1913.0,,1913.0,GTPR,1911,1911 - First postmaster appointed.,1913.0,1913 - Springwater Church (Presbyterian),1912.0,1912 - First school opened in Springwater.,,,,,Undated - First village constable (Archie Ismond) and first policeman (C. C. Fisher).,1918.0,1918 - Springwater Cemetery established.,,,,,,https://digitalcollections.ucalgary.ca/asset-management/2R3BF1O181S_U
4394,SK186030,SK,186,30,Canwood,VL,158,1911.0,"Originally called Second Siding, then Forgaard, then McOwen, before being named Canwood when the village was moved to its present site in 1914.",1916.0,,1911.0,CNoR,1911,1911 - First postmaster appointed.,1919.0,1919 - Canwood Pentecostal Church,1914.0,1914 - First school in Canwood.,,,Undated - First doctor (Dr. Rice) in Canwood.,,,1914.0,1914 - Earliest burial in Canwood North Cemetery.,1922.0,1922-1966 - The Canwood Times,,,,
4160,SK181049,SK,181,49,Meacham,VL,90,1911.0,,1912.0,,1911.0,GTPR,1912,1912 - First postmaster appointed.,1911.0,1911 - St. Edward's Roman Catholic Church; 1912 - The Ukranian Catholic Church (changed to Ukrainian Greek Orthodox in 1919);,,"1924 is the first date given for a school in Meacham, but it is highly likely that a school was established much earlier.",,,"""1920s"" - First resident doctor (Dr. McCrae) in Meacham.",,,1909.0,1909 - Earliest burial in St. Anthony's Cemetery,,,,,,
4265,SK183050,SK,183,50,Rock Haven,VL,100,1912.0,,1913.0,,1911.0,"1911 - CPR, GTPR",1905,1905 - First postmaster appointed.,1914.0,1914 - Unnamed Presbyterian church,1917.0,1917 - First school in Rockhaven opened.,,1904.0,1904 - First doctor (Robert Ovens) in the Rockhaven area.,,,1914.0,"Rockhaven Cemetery was established ""probably about 1914"".",,,,,,
3751,SK173036,SK,173,36,Mazenod,VL,181,1912.0,,1917.0,,1913.0,1913 - CPR; 1915 - CNoR,1909,1909 - First postmaster appointed.,1917.0,1917 - Sacred Heart Roman Catholic Church; 1918 - St. Luke Anglican Church; 1920 - United Church (likely originally Methodist); 1925 - St. John Lutheran Church,1912.0,1912 - First organization of the Mazenod school. Unsure if the school itself was built this date.,,1914.0,1914 - First resident doctor (Dr. Hutchinson) arrives in Mazenod.,1914.0,Mazenod was policed by the Gravelbourg RNWMP detachment.,1912.0,1912 - Earliest burial in Mazenod Sacred Heart Cemetery; 1914 - Earliest burial in Mazenod Community Cemetery.,,,,,,
3753,SK173038,SK,173,38,Mitchellton,VL,56,1912.0,,1920.0,,1912.0,"CNoR, CPR",1910,1910 - First postmaster appointed.,,,1912.0,1912 - Bond City School Division established (later renamed Mitchellton). No school dates available.,,,,1920.0,1920 - First village constable (A. G. Nosen) in Mitchellton.,1910.0,1910 - Earliest burial in Mitchellton Cemetery.,,,,,,
4398,SK186034,SK,186,34,Krydor,VL,104,1912.0,"Originally named Bullock by the railway, but was changed to Krydor (the name of the local post office) in 1914.",1914.0,,1913.0,CNoR,1911,1911 - First postmaster appointed.,1910.0,1910 - Unnamed Greek Catholic church; 1915 - Unnamed Roman Catholic church,1915.0,1915 - First school built in Krydor.,,,,,,1909.0,1909 - Earliest burial in St. Demetrius Ukrainian Catholic Cemetery.,,,,,,https://digitalcollections.ucalgary.ca/asset-management/2R3BF1F5MEUDV
3740,SK173025,SK,173,25,Assiniboia,T,1006,1912.0,Googling info is very difficult due to the territory of Assiniboia. Will fill in details from physical books.,1912.0,,1912.0,CPR,1912,1912 - Post office originally established at Leeville (1908) was moved to Assiniboia,1919.0,1913 - St. George's Catholic Church; 1919 - St. Boniface Anglican Church completed (construction started 1914); 1920 - St. Andrew's Presbyterian Church,1913.0,1913 - Ruperra School District #812,,1927.0,1927 - First stand-alone hospital. Prior cottage hospitals or hospitals in multipurpose buildings had existed since 1914.,1914.0,1914 - RNWMP barracks established.,,1914 - Prairie Rest Cemetery; 1924 - Mount Hope Cemetery,1912.0,1912 - The Assiniboia Times,,,,https://digitalcollections.ucalgary.ca/archive/Old---new-furrows---the-story-of-Rosthern-2R3BF1O1VE8DL.html
3704,SK172038,SK,172,38,Horizon,VL,42,1912.0,,1917.0,,1911.0,CPR,1912,1912 - First postmaster appointed.,1927.0,1927 - St. Cunegunda Roman Catholic Church,1912.0,1912 - Horizon School District established. No construction date for school available.,,,,,,1913.0,1913 - Earliest burial in St. Cunegunda Roman Catholic Cemetery,,,,,,
4259,SK183044,SK,183,44,Loverna,VL,202,1912.0,Townsite established with the railroad survey.,,,1913.0,GTPR,1912,1912 - First postmaster appointed.,1912.0,1912 - St. John the Baptist Roman Catholic Church; 1922 - Grace United Church; 1922 - All Saints Anglican Church ,1922.0,Prior to 1922 - First schoolhouse in Loverna opened.,,,,1915.0,1915 - RNWMP division C present in Loverna.,1910.0,1910 - Earliest burial in Loverna Cemetery.,,,,,,
3792,SK174027,SK,174,27,Shaunavon,T,1146,1912.0,1912 - Speculation about where the CPR line was to go meant settlement started with portable buildings in the area.,1913.0,,1914.0,CPR,1913,1913 - Post office opened.,1914.0,1914 - Sacred Heart Roman Catholic Church; 1915 - All Saints Anglican Church,,"The Cottage School, now the Grand Coteau Museum, but I can't find an establishing date.",,,,1925.0,"1925 - Earliest date of the Shaunavon RNWMP/RCMP depot, but they were likely there earlier. ",1914.0,1914 - St. Mary's Cemetery; 1915 - Hillcrest Cemetery,1913.0,1913 - The Shaunavon Standard,,,,
3748,SK173033,SK,173,33,Kincaid,VL,226,1912.0,The townsite of Kincaid was established sometime between 1909 and 1912.,1913.0,,1914.0,CPR,1913,1913 - First postmaster appointed.,1925.0,1925 - Kincaid United Church,1925.0,"Prior to 1925 - No date given for first school in Kincaid, but ""a new school opened in 1925"".",,1932.0,"1932 - Only date given for medical care, with the opening of a hospital by Dr. ""Dinty"" Moore.",,Around 1913 but no exact date given - Kincaid's first policeman (Dan Downey).,1914.0,"1914 - Earliest burial in ""the new cemetery North of Kincaid""",,,,,,https://digitalcollections.ucalgary.ca/asset-management/2R3BF1OTY1FOL
4020,SK178041,SK,178,41,Portreeve,VL,71,1912.0,,1913.0,,1913.0,"CPR - Earliest date given is 1913, but may have come through earlier.",1913,1913 - First postmaster appointed.,1926.0,1926 - Portreeve United Church,1913.0,1913 - First school opened in Portreeve.,,,,,,1916.0,1916 - Portreeve Cemetery established.,,,,,,https://digitalcollections.ucalgary.ca/asset-management/2R3BF1FPLET0J
4255,SK183040,SK,183,40,Handel,VL,53,1912.0,,1919.0,,1912.0,CPR,1913,1913 - First postmaster appointed.,1913.0,1913 - St. Mary Roman Catholic Church; 1918 - Unnamed Methodist church,1915.0,1915 - First school built in Handel.,,,,1891.0,1891 - First records of NWMP activity in the Handel area.,1913.0,1913 - Earliest burial in Handel Cemetery.,,,,,,
3762,SK173047,SK,173,47,Verwood,VL,242,1912.0,,,1912 may be village incorporation date - unclear.,1912.0,CPR,1913,1913 - First postmaster appointed.,1916.0,1916 - St. John's Union Church; 1919 - Our Lady of Lourdes Roman Catholic Church,1913.0,"1913 - Only dated mention of early schooling (""a residence built by Mr. Broe, which was used for a school house"").",,1916.0,1916 - First mention of a doctor (Dr. Totton) who also built a hospital.,,,1915.0,1915 - Earliest burial in Verwood Cemetery.,,,,,,
4269,SK183054,SK,183,54,Tramping Lake,VL,100,1912.0,,1917.0,,1913.0,"CPR - arrival date not given. Construction began 1910, CPR station built 1918.",1914,1914 - First postmaster appointed.,1922.0,"1922 - Construction began on unnamed church, first built in the village. Prior church needs had been served by St. Michael's outside the village.",1920.0,1920 - First school in Tramping Lake under construction.,,,,,,1906.0,1906 - Earliest burial in St. Michael's Roman Catholic Cemetery.,,,,,,
4348,SK185038,SK,185,38,Domremy,VL,77,1913.0,"Though the colony of Dormremy was established by 1903, the village itself did not come into existence until 1913/1914.",1921.0,,1914.0,GTPR,1896,1896 - First postmaster appointed.,1904.0,1904 - St. Jeanne d'Arc Roman Catholic Church,1915.0,1915 - First school opened in village of Domremy.,,,Undated - Early resident doctor (G. R. Walton) in Domremy.,,,1896.0,1896 - Earliest burial in Old St. Jeanne d'Arc Roman Catholic Cemetery; 1906 - Earliest burial in New St. Jeanne d'Arc Roman Catholic Cemetery,,,1887.0,"1887 - Société d'Immigration Française, and Auguste Bodard specifically, were instrumental in settling Domremy; 1914 - The Western Townsite Company.",,
4358,SK185048,SK,185,48,St. Brieux,VL,144,1913.0,,1913.0,,1915.0,CNoR,1905,1905 - First postmaster appointed.,1904.0,1904 - St. Brieux Roman Catholic Parish,1907.0,1907 - First school in St. Brieux opened.,,1913.0,1913 - First doctor (Dr. Le Blond) in St. Brieux.,,,1905.0,1905 - Earliest burial in St. Brieux Roman Catholic Cemetery,,,,,,
4406,SK186042,SK,186,42,Speers,VL,105,1913.0,Originally called New Ottawa.,1915.0,,1913.0,CNoR,1905,1905 - First postmaster appointed.,1918.0,1918 - Speers Methodist Church,1916.0,1916 - First school opened in Speers.,,,,,,1905.0,1905 - Earliest burial in New Ottawa Cemetery.,,,,"Undated - the Saskatchewan Valley Land Company might have been involved in settling Speers, but it is unclear as Speers the man was also a colonization agent.",,https://digitalcollections.ucalgary.ca/asset-management/2R3BF1O137KZJ
3794,SK174029,SK,174,29,Cadillac,VL,197,1913.0,,1914.0,,1914.0,CPR,1911,1911 - First postmaster appointed.,1915.0,1915 - St. David's Anglican Church,1912.0,1912 - First schoolhouse in Cadillac.,,1914.0,1914 - Earliest mention of first resident doctor (Thomas H. Porter) in Cadillac.,1914.0,1914 - First village constable (R. B. Newell) in Cadillac.,1917.0,1917 - Earliest burial in Cadillac Cemetery.,1915.0,1915 - The Cadillac News,,,,https://digitalcollections.ucalgary.ca/asset-management/2R34080JWWSS
3793,SK174028,SK,174,28,Admiral,VL,172,1913.0,,1914.0,,1914.0,CPR,1911,1911 - First postmaster appointed.,1922.0,1922 - Holiness Church (denomination unclear); 1922 - Admiral United Church,1915.0,1915 - First school built in Admiral.,,1915.0,1914 or 1915 - First resident doctor (Dr. Gravell) in Admiral.,1914.0,1914 - First village constable (Walter Rogers) in Admiral.,1911.0,1911 - Earliest burial in Admiral Cemetery,1916.0,1916 - The Dreadnaught,,,,https://digitalcollections.ucalgary.ca/asset-management/2R3BF1O3W56MO
4024,SK178045,SK,178,45,Shackleton,VL,99,1913.0,Named after the Antarctic explorer Ernest Shackleton.,1919.0,,1913.0,CPR,1911,1911 - First postmaster appointed.,1916.0,1916 - St. Joseph Roman Catholic Church; 1920 - The Church of the Nazarene,1916.0,1916 - Consolidated Shackleton School District formed (no dates for first school).,,,,,,1922.0,1922 - Earliest burial in Shackleton Cemetery.,,,,,,https://digitalcollections.ucalgary.ca/asset-management/2R3BF1FPLET0J
3712,SK172046,SK,172,46,Tribune,VL,166,1913.0,Townsite was established with the coming of the railway.,1914.0,,1913.0,CPR,1912,1912 - First postmaster appointed.,1925.0,Undated but before WWI - Tribune Trinity Church; 1925 - St. Mary's Roman Catholic Church,1913.0,1913 - First school opened in Tribune.,,,Undated - early doctors mentioned (Drs. Leith and Scribner).,1915.0,1915 - RNWMP depot in Tribune.,1935.0,Unable to find earliest cemetery; 1935 - Earliest burial in St. Mary's Roman Catholic Cemetery,,Undated - The Tribune Herald published by John Bailey.,,,,
4261,SK183046,SK,183,46,Major,VL,64,1913.0,"Originally called Aubretia, renamed Major by CPR in 1914.",1914.0,,1914.0,CPR,1913,1913 - First postmaster appointed.,1918.0,1918 - Major Union Church,1916.0,1916 - First school opened in Major.,,1921.0,1921 - Early village doctor (Dr. Almond) in Major.,,,1914.0,1914 - Earliest burial in Major and District Cemetery.,,,,,,
4016,SK178037,SK,178,37,Lancer,VL,131,1913.0,,1913.0,,1913.0,CPR,1914,1914 - First postmaster appointed.,1915.0,1915 - Lancer Methodist Church; 1918 - Sacred Heart Roman Catholic Church,1913.0,1913 - First school in Lancer built.,,1914.0,1914 - Early doctor (Dr. Scribner) in Lancer operated a cottage hospital out of his home.,1923.0,1923 - Earliest date given for a village constable (Roy Swann) in Lancer.,1916.0,1916 - Earliest burial in Lancer Cemetery.,,,,,,https://digitalcollections.ucalgary.ca/asset-management/2R3BF1FPLET0J
3962,SK177034,SK,177,34,Central Butte,VL,221,1914.0,"Settlement began in the early 1900s, but the townsite was established with the railway.",1915.0,,1913.0,GTPR,1907,1907 - First postmaster appointed.,1915.0,1916 - Earliest date given for Central Butte United Church building,1908.0,"1908 - Date of construction of school, but not on townsite. School building ""was eventually moved into town"" prior to 1919.",,1917.0,1917 - First hospital built in Central Butte.,,"Undated - ""One of the early councils talked Bobby Ferrier into being the town constable, which he didn't want to take.""",1918.0,1918 - Earliest burial in Central Butte Cemetery.,1909.0,1909-1919 - Central Butte Beacon,,,,https://digitalcollections.ucalgary.ca/asset-management/2R3408NWDEY
3756,SK173041,SK,173,41,Palmer,VL,58,1914.0,,1920.0,,1913.0,CNoR,1910,1910 - First postmaster appointed.,,1916 - St. Joseph Roman Catholic Church; 1918 - Unnamed Methodist church,1921.0,1921 - Earliest date for a school in Palmer.,,,,,,1913.0,1913 - Earliest burial in Geneva Cemetery.,,,,,,
4022,SK178043,SK,178,43,Richlea,VL,83,1914.0,,,No incorporation date given for Richlea.,1915.0,"CNoR (1915 is the earliest date given, but was likely established earlier)",1910,1910 - First postmaster appointed.,,No info on churches in Richlea in source book.,1914.0,1914 - First school opened in Richlea.,,,,,,1911.0,1911 - Earliest burial in Penkill Pioneer Cemetery.,,,,Undated - The Martin Land Company was active in the Richlea area.,,https://digitalcollections.ucalgary.ca/asset-management/2R3BF1FJRGBM9
3802,SK174037,SK,174,37,Vidora,VL,58,1914.0,,,,1914.0,CPR,1910,1910 - First postmaster appointed.,1914.0,1914 - Battle Creek Church of the Brethren,1915.0,1915 - First school built in Vidora.,,,,,,,,,,,,,
4013,SK178034,SK,178,34,Estuary,VL,216,1914.0,,1917.0,,1914.0,CPR,1912,1912 - First postmaster appointed.,1916.0,1916 - Christ Evangelical Lutheran Church; 1918 - St. Paul's Lutheran Church; 1918 - Estuary Union Church (unsure if that was the name at time of construction),1914.0,1914 - First school in Estuary opened.,,1916.0,"1916 - District doctor mentioned, possibly Dr. Chandler from Empress, SK.",1916.0,"1916 - First town constable (Henry Schimpf) in Estuary for one month, replaced by William Jackson.",1916.0,1916 - Earliest burial in Evangelical Lutheran Christus Gemeinde Cemetery; 1917 - Earliest burial in Estuary Cemetery,,Undated - The Estuary Review,,,,https://digitalcollections.ucalgary.ca/asset-management/2R3BF1ORQU6YU
3974,SK177046,SK,177,46,Riverhurst,VL,330,1914.0,"Settlement started in the site of Billings, but was moved to the Riverhurst site around 1914.",1916.0,,1914.0,GTPR,1914,1914 - First postmaster appointed.,1917.0,1917 - Sacred Heart Catholic Church; 1917 - The United Church,1917.0,1917 - First schoolhouse opened.,,1914.0,1914 - Early doctor (J. E. Kiteley) in Riverhurst.,,,1917.0,1917 - Riverhurst Cemetery established.,1915.0,1915 - The Riverhurst Courier,,,,
3964,SK177036,SK,177,36,Dunblane,VL,161,1914.0,Settlement started in 1905 but townsite was established with the railroad.,1916.0,,1915.0,CNoR,1914,1914 - First postmaster appointed.,,No record of churches built until the 1960s.,1922.0,1922 - First school in Dunblane opened.,,,,,,1911.0,1911 - Earliest burial in Dunblane Cemetery; 1914 - Earliest burial in Dunblane Finnish Cemetery.,,,,,,
3801,SK174036,SK,174,36,Scotsguard,VL,125,1914.0,"Originally called Notukeu, changed to Scotsguard in 1914.",1916.0,,1914.0,CPR,1914,1914 - First postmaster appointed.,1917.0,1917 - St. Mary's Roman Catholic Church; 1920 - Scotsguard Lutheran Church,1915.0,1915 - First school opened in Scotsguard.,,1920.0,1920 - First doctor (Dr. Moore) in Scotsguard.,,"Undated - ""Emil Larson was town policeman, at one time, and probably was the first one.""",1915.0,1915 - Earliest burial in Scotsguard Lutheran Cemetery.,,,,,,
3796,SK174031,SK,174,31,Consul,VL,38,1914.0,,1917.0,,1914.0,CPR,1914,1914 - First postmaster appointed.,,No records of early churches built in Consul.,1924.0,"1924 - School opened in Consul, as prior schooling had happened outside of the village.",,,,,,1915.0,1915 - First burial in Consul Cemetery.,,,,,,
4019,SK178040,SK,178,40,Plato,VL,125,1914.0,,1916.0,,1915.0,CNoR,1915,1915 - First postmaster appointed.,1918.0,Between 1916-1918 - St. Basil Roman Catholic Church;,1915.0,1915 - First school register for Plato School #3321 (no school construction dates available).,,1921.0,"1921 - The RM council decided to hire a doctor for the area, but no further info given.",,,1908.0,1908 - Earliest burial in St. Basil Roman Catholic Cemetery.,,,,,,https://digitalcollections.ucalgary.ca/asset-management/2R3BF1OROB5I2
4014,SK178035,SK,178,35,Glidden,VL,80,1917.0,,1919.0,,1917.0,CNoR,1909,1909 - First postmaster appointed.,,No clear info on church establishment in source book.,1919.0,1919 - First school moved to the village of Glidden.,,,,,,,,1919.0,1919 - Earliest date given for unnamed weekly newspaper in Glidden.,,,,
4010,SK178031,SK,178,31,Eatonia,VL,205,1918.0,"Originally named Eaton, changed to Eatonia in 1921. Settlement in the area began in 1906 but townsite wasn't established until 1918.",1920.0,,1918.0,CNoR,1913,1913 - First postmaster appointed.,1920.0,1920 - St. Paul's Lutheran Church; undated but prior to 1925 - Eatonia Congregational Church,1921.0,1921 - First schoolhouse in Eatonia opened.,,1920.0,1920 - First hospital in Eatonia opened.,,Undated - early town constable (Ole Langseth).,1919.0,1919 - Earliest burial in Eatonia Cemetery.,1918.0,1918 - The Eatonia Enterprise,1918.0,1918 - Canadian Land and Investment Company,,https://digitalcollections.ucalgary.ca/asset-management/2R3BF1SJLD23T
3970,SK177042,SK,177,42,Lucky Lake,VL,112,1919.0,,1920.0,,1919.0,CNoR,1908,1908 - First postmaster appointed.,1929.0,1929 - Lucky Lake United Church; 1929 - St. Mary's Anglican Church,1921.0,1921 - Lucky Lake School Division was established (no dates for first school).,,1923.0,1923 - A Red Cross hospital opened in Lucky Lake.,,,1907.0,1907 - Vera Cemetery established; 1912 - Earliest burial in Highland Cemetery.,1925.0,1925 - The Lucky Lake Star (nenamed the Weekly Broadcast in 1928),,,,
3959,SK177031,SK,177,31,Birsay,VL,46,1919.0,,1921.0,,1919.0,CNoR,1911,1911 - First postmaster appointed.,1928.0,1928 - Birsay United Church,1922.0,1922 - First school in Birsay.,,,,,,1908.0,1908 - Earliest burial in Laview Cemetery.,,,,,,
4308,SK184038,SK,184,38,Naicam,VL,119,1919.0,,1921.0,,1921.0,CPR,1920,1920 - First postmaster appointed.,1921.0,1921 - Immanuel Lutheran Church,1922.0,1909 - First school built in the Naicam School District; 1922 - first school in the village of Naicam.,,1919.0,1919 - First resident doctor (A.M. Stewart) in Naicam.,1923.0,1923 - Earliest mention of a village constable (Harold Leask) in Naicam.,1900.0,1900 - Earliest burial in Naicam Cemetery; 1909 - Earliest burial in Immanuel Lutheran Cemetery,,,,,,https://digitalcollections.ucalgary.ca/asset-management/2R34080JJ44N
3642,SK171023,SK,171,23,Carlyle,T,394,,"Homesteading in the area started in 1882 and a town was started that year too, but it was relocated in 1893. ",1902.0,,1901.0,"CPR, CNoR",1883,1883 - First postmaster appointed.,1901.0,1901 - Glen Morris Presbyterian Church was moved to Carlyle; 1903 - Red Brick Presbyterian church; 1905 - St. Paul's Anglican Church;  ,1901.0,1901 - Carlyle one-room schoolhouse opened.,,1901.0,1901 - First doctor (John Hardy); cannot find mention of a non-influenza hospital in Carlyle.,1905.0,1905 - RNWMP depot in Carlyle.,1886.0,1886 - Earliest marked burial in West Carlyle Cemetery; 1897 - Earliest marked burial in Glen Morris Cemetery,1903.0,1903 - The Carlyle Herald,,,,https://digitalcollections.ucalgary.ca/asset-management/2R3BF1SG405SB
3652,SK171033,SK,171,33,Gainsboro,VL,229,,"Settlement in the area started in the 1880s. Townsite was originally called ""Gainsboro"" until 1919, and was the first incorporated village in what is now Sask.",1894.0,,1892.0,CPR,1884,1884 - First postmaster appointed.,1897.0,1897 - Christ Church (Anglican); 1901 - Gainsborough Methodist Church; 1905 - Gainsborough Presbyterian Church.,1892.0,1892 - First school in Gainsborough.,,1901.0,"""Late 1880s"" - First doctor in the area (Dr. Thornton of Deloraine); 1901 - First resident doctor (Dr. Montgomery) did not stay long; 1902 - Dr. Fyfe came to Gainsborough.",1894.0,1894 - NWMP depot in Gainsborough. 1914 - First town constable (W. Rusk) appointed.,1892.0,1892 - Gainsborough Cemetery established.,1900.0,1900 - Earliest date for The Gainsborough Times (unclear if this is date of establishment).,,,,
3915,SK176056,SK,176,56,McLean,VL,150,,"McLean was incorporated as a village in 1913, then disorganized in 1919, then incorporated again in 1966.",1913.0,,1882.0,CPR,1884,"1884 - First postmaster appointed. Post office was closed between 1889-1893, then reopened.",,,,,,,,,,1898.0,1898 - Earliest burial in McLean Cemetery.,,,,,,
3854,SK175051,SK,175,51,Summerberry,VL,94,,,,,1882.0,"No information provided, but may have been CPR in the 1880s.",1884,1884 - First postmaster appointed.,1903.0,1903 - Unnamed Methodist church,1906.0,1906 - First school built in Summeberry.,,,,,,1886.0,1886 - Earliest burial in Summerberry Cemetery.,,,,Undated - The Canadian North West Land Company was involved in settling the area around Summerberry.,,https://digitalcollections.ucalgary.ca/asset-management/2R3BF1F5G70XJ (1984 edition) and https://digitalcollections.ucalgary.ca/archive/Bridging-the-Past--volume-II---Wolseley-history-book-2R3BF1O1AWR3Z.html (1998 edition)
3662,SK171043,SK,171,43,Roche Percee,VL,99,,,,,1892.0,"CPR, CNoR",1890,1890 - First postmaster appointed.,,,,,,,,,,,,,,,,,
4435,SK187028,SK,187,28,Meota,VL,236,,"Settlers started occupying land regularly around 1902. Originally called Beachview, name was changed to Meota in 1911 with the moving of the post office.",1911.0,,1911.0,CNoR,1894,1894 - First postmaster appointed.,1912.0,1912 - St. Mary's Anglican Church; 1927 - Meota United Church,1914.0,1914 - First schoolhouse in Meota built.,,1912.0,1912 - Earliest date for a doctor (Dr. O'Brien) in Meota.,1910.0,1910 - RNWMP detachment stationed at Beachview (later called Meota).,1905.0,1905 - Earliest burial in Meota Cemetery.,,,,,,https://digitalcollections.ucalgary.ca/asset-management/2R3BF1OFW6BNI
3660,SK171041,SK,171,41,North Portal,VL,191,,,,,1893.0,CPR,1894,1894 - First postmaster appointed.,,,,,,,,,,,,,,,,,
3973,SK177045,SK,177,45,Parkbeg,VL,54,,Both the townsite of Parkbeg and the railroad moved in 1904.,1913.0,,1882.0,CPR,1896,1896 - First postmaster appointed.,,No record of a church in early Parkbeg.,1896.0,1896 - First school built in Parkbeg.,,,,,,1908.0,1908 - Earliest burial in Bethany Lutheran Cemetery.,,,,,,https://digitalcollections.ucalgary.ca/asset-management/2R3BF1O9RV10R
3850,SK175047,SK,175,47,Otthon,VL,72,,,,,1911.0,GTPR,1896,1896 - First postmaster appointed.,,,,,,,,,,,,,,,,,
4361,SK185051,SK,185,51,Waldheim,VL,273,,"Settlers began arriving in the area in 1893, but no info on village establishment found.",1912.0,,1910.0,"CNoR (dates unclear - some sources say 1908, others 1909)",1900,1900 - First postmaster appointed.,1902.0,1902 - Brotherfield Mennonite Church; 1905 - Salem Krimmer Mennonite Brethern Church; 1910 - Waldheim Seventh-Day Adventist Church; 1914 - Zoar Mennonite Church; ,1897.0,Undated but likely in 1897 - First school in Waldheim,,,,1922.0,"1922 - Earliest dated mention of town police (Cornelius C. D. Unruh, deputy, and Henry Ewert, constable).",1902.0,1902 - Earliest burial in Waldheim Cemetery; 1902 - Earliest burial in Brotherfield Cemetery.,,,,,,
4068,SK179040,SK,179,40,Willowbrook,VL,98,,,,,1915.0,CNoR,1901,1901 - First postmaster appointed.,,,,,,,,,,,,,,,,,https://digitalcollections.ucalgary.ca/asset-management/2R3BF1O1V7ZIH
3703,SK172037,SK,172,37,Halbrite,VL,61,,,1904.0,,1893.0,CPR,1903,1903 - First postmaster appointed.,1907.0,1907 - St. Francis Regis Roman Catholic Church,1907.0,Between 1905-1907 - First school built in Halbrite.,,,,,,1906.0,1906 - Earliest burial in Halbrite Cemetery.,,,,,,https://digitalcollections.ucalgary.ca/asset-management/2R3408NWRFL
3899,SK176040,SK,176,40,Cupar,VL,384,,"Neither the LHB nor any other sources I found have a date for establishment beyond ""late 1800s-early 1900s"".",1905.0,,1905.0,CPR,1903,1903 - First postmaster appointed.,1905.0,1905 - Cupar Methodist Church; 1905 - Unnamed Presbyterian church; 1906 - St. Mary's Anglican Church; 1913 - St. Paul Evangelical Lutheran Church; 1910 - St. Patrick Roman Catholic Church;,1906.0,First schoolhouse was built sometime prior to 1906; second between 1908-1912.,,,,1906.0,1906 - RNWMP detchament opened in Cupar.,1910.0,1910 - Cupar Cemetery established.,1906.0,1906 - The Cupar Herald,,Undated - Primitive Methodist and Colonization Company Limited.,,
3664,SK171045,SK,171,45,Wauchope,VL,59,,,1906.0,,1900.0,CPR,1903,1903 - First postmaster appointed.,1906.0,1906 - Unnamed Methodist church; 1911 - St. Jean Francois Regis Roman Catholic Church,1904.0,1904 - Loan taken for building a school in Wauchope. No construction date available.,,1907.0,1907 - Early village nurse (Sister Rey Dorène) in Wauchope.,1914.0,1914 - Early village constable (L. Mack) in Wauchope.,1904.0,1904 - Earliest burial in Wauchope Cemetery; 1906 - Earliest burial in St. Regis Catholic Cemetery; 1906 - Earliest burial in Wauchope Protestant Cemetery.,,,,,,https://digitalcollections.ucalgary.ca/asset-management/2R34082HYHYH
3892,SK176033,SK,176,33,Belle Plaine,VL,50,,,1910.0,,1882.0,"CPR, GTPR",1903,1903 - First postmaster appointed.,1903.0,1903 - Unnamed Methodist church,1909.0,1909 - First school built in Belle Plaine.,,,,,,1902.0,1902 - Earliest burial in Methodist Church Cemetery.,,,,,,
3908,SK176049,SK,176,49,Grand Coulee,VL,92,,,,,1882.0,"CPR, GTPR",1903,1903 - First postmaster appointed.,,,,,,,,,,,,,,,,,https://digitalcollections.ucalgary.ca/asset-management/2R3BF1O3THYFZ
3883,SK176024,SK,176,24,Francis,T,173,,,1904.0,,1904.0,CPR,1904,1904 - First postmaster appointed.,1928.0,1926 - Christ Evangelical Lutheran Church; 1928 - Francis United Church,1903.0,1903 - First school built in Francis.,,1905.0,"Undated - first doctor (Dr. Stevens), followed quickly by Dr. Connel, both did not stay long. 1905 - Dr. Wilfred Tucker arrives in Francis.",,"Undated - ""for a few years, we had a resident deputy-sherrif, H. Higgins.""",1905.0,1905 - Earliest burial in Francis Cemetery.,,"Undated and unnamed - ""there was a printing press, with a local paper printed weekly. It was first owned by Bird then by Brundage."" (cannot find this paper)",,,,
3654,SK171035,SK,171,35,Heward,VL,91,,"Originally named Caldwell, was renamed Heward by CPR.",1904.0,,1904.0,CPR,1904,1904 - First postmaster appointed.,1905.0,1905 - St. Andrew Anglican Church; 1906 - Heward Methodist Church; 1907 - Heward Presbyterian Church; ,1905.0,1905 - First school opened in Heward.,,,,,,1906.0,1906 - Earliest burial in Heward Cemetery.,1906.0,1906 - Earliest date found for The Heward Chronicle.,,,,
3655,SK171036,SK,171,36,Kennedy,VL,247,,No establishment info found.,1907.0,,1906.0,"CPR, CNoR",1904,1904 - First postmaster appointed.,1907.0,1907 - Kennedy Union Church; 1912 - St. Ann's Roman Catholic Church;,1909.0,1909 - First schoolhouse built.,,,,,,1908.0,1908 - Earliest burial in Kennedy Cemetery.,1910.0,Prior to 1910 - The Kennedy Times,,,,
4144,SK181033,SK,181,33,Clavet,VL,24,,"Originally named French, changed to Clavet in 1909. Clavet was disorganized in 1927, then re-incorporated in 1978.",1908.0,,1907.0,"GTPR, CPR",1904,1904 - First postmaster appointed.,,Info on churches missing from source book.,,No information on school in Clavet prior to 1962.,,,,,,1900.0,1900 - Earliest burial in Pleasant Point Cemetery,,,,,,
4026,SK178047,SK,178,47,Tompkins,VL,254,,No establishment info found.,1910.0,,1882.0,CPR,1904,1904 - First postmaster appointed.,1912.0,1912 - Tompkins Union Church; 1914 - St. Andrew's Anglican Church; Undated but likely near 1917 - Our Lady of Lourdes Roman Catholic Church; ,1909.0,1909 - First school in Tompkins.,,1918.0,"Only mention of doctors was in conjunction with the 1918 flu epidemic - Drs. Hetherington, John, Hurst, and Fettis.",,,1911.0,1911 - Earliest burial in Tompkins Cemetery.,,,,,,
3897,SK176038,SK,176,38,Chamberlain,VL,128,,,1911.0,,1889.0,QLSRSC,1904,1904 - First postmaster appointed.,1905.0,1905 - Unnamed Methodist church; 1912 - St. Michael and All Angels Anglican Church; 1915 - St. Anne's Roman Catholic Church ,1909.0,1909 - First school built in Chamberlain.,,1925.0,1909 - Early medical care in Chamberlain came from Craik (Drs. Wickware and Palmer). 1925 - First dated resident doctor (Murdoch Mackinnon).,,,1908.0,1908 - Earliest burial in both Chamberlain South and Chamberlain North Cemeteries.,,,,,,https://digitalcollections.ucalgary.ca/asset-management/2R3BF1OGTO8AY
4403,SK186039,SK,186,39,Richard,VL,93,,,,No establishment or incorporation date available for Richard.,1913.0,CNoR,1904,1904 - First postmaster appointed.,1915.0,1915 - St. Raphael Roman Catholic Church,1915.0,1915 - First school built in Richard.,,,,,,1917.0,1917 - Richard Cemetery established.,,,,,,
3901,SK176042,SK,176,42,Disley,VL,89,,,,,1889.0,QLSRSC,1904,1904 - First postmaster appointed.,,,,,,,,,,,,,,,,,
4401,SK186037,SK,186,37,Maymont,VL,151,,"Settlement in the area began in 1903, and while no establishment date given, village development likely coincided with the arrival of the railway in 1905.",1907.0,,1905.0,CNoR,1905,1905 - First postmaster appointed.,1906.0,1906 - Unnamed Presbyterian church; 1909 - Maymont Anglican Church,1907.0,1907 - First school in Maymont built.,,1907.0,1907 - Early doctor (Dr. Scratch) in Maymont.,,,1903.0,1903 - Earliest burial in Maymont Cemetery.,,,,,,https://digitalcollections.ucalgary.ca/asset-management/2R3BF1OJYTT00
3958,SK177030,SK,177,30,Aylesbury,VL,115,,,1910.0,,1889.0,QLSRSC,1905,1905 - First postmaster appointed.,1914.0,1914 - Aylesbury Methodist Church; 1915 - St. Augustine Anglican Church,1906.0,1906 - Antelope School opened.,,,,,,1910.0,1910 - Aylesbury Cemetery established.,,,1905.0,Prior to 1905 - The Saskatchewan Valley Land Company,,
4163,SK181052,SK,181,52,Venn,VL,67,,"Venn was incorporated in 1910, but sought disorganization starting in 1930, finally succeeding in 1945.",1910.0,,1908.0,GTPR,1905,1905 - First postmaster appointed.,,"""There never was a church building in Venn.""",1909.0,1909 - Loan taken for building a school in Venn. No construction date available.,,1912.0,1912 - Early village doctor (Dr. Riddell) in Venn.,,,1903.0,1903 - Venn Cemetery established.,,,,,,https://digitalcollections.ucalgary.ca/asset-management/2R3BF1SJLD5HS
4249,SK183034,SK,183,34,Cut Knife,VL,158,,,1912.0,,1911.0,1911 - CPR; 1913 - GTPR,1905,1905 - First postmaster appointed.,1907.0,1907 - Earliest date given for the unnamed Roman Catholic church,1908.0,1908 - First school in Cut Knife opened.,,1912.0,1912 - First resident doctor (G. F. Nelson) in Cut Knife.,1904.0,1904 - Earliest mention of NWMP in the Cut Knife area.,1904.0,1904 - Earliest burial in Cut Knife Cemetery,1913.0,"1913 - The Cut Knife Journal, renamed the Cut Knife Grinder in 1915.",,,,
4100,SK180030,SK,180,30,Kuroki,VL,84,,Kuroki was incorporated in 1919 but disorganized in 1926.,1919.0,,1905.0,CNoR (date of arrival not given),1905,1905 - First postmaster appointed.,1908.0,1908 - Unnamed Anglican church; 1911 - St. Helen Roman Catholic Church,,"""Shortly after"" 1908 - First school built in Kuroki.",,,,,,1910.0,1910 - Earliest burial in St. Helen Roman Catholic Cemetery,,,,,,https://digitalcollections.ucalgary.ca/asset-management/2R3408SWC1V
3798,SK174033,SK,174,33,Hatton,VL,210,,"Originally named Forres, changed to Hatton in 1913 or 1920 (both dates given).",,,1883.0,CPR (date unlisted),1905,1905 - First postmaster appointed.,1912.0,1912 - German Evangelical Krimmerfeld Lutheran Church,1914.0,1914 - First English school in Hatton opened.,,1918.0,1918 - Earliest mention of the area doctor (Dr. Carefoot).,1920.0,1920 - Earliest mention of town policemen (Dan Hatton and Hugh McLeod).,1915.0,1915 - Earliest marked grave in Hatton Cemetery.,,,,,,
4395,SK186031,SK,186,31,Denholm,VL,90,,,1912.0,,1913.0,CNoR,1906,1906 - First postmaster appointed.,,No records available for churches in Denholm.,,,,,,,,1908.0,1908 - Earliest burial in Denholm Cemetery.,,,,,,https://digitalcollections.ucalgary.ca/asset-management/2R3BF1OHWIN32
4397,SK186033,SK,186,33,Hafford,VL,183,,,1913.0,,1913.0,"CNoR (may have arrived prior to 1912, this is earliest date given)",1906,1906 - First postmaster appointed.,1913.0,1913 - Unnamed Methodist church; 1915 - St. Peter's Anglican Church; undated but prior to 1917 - The Holy Eucharist Ukrainian Catholic Church; 1917 - St. Solange Roman Catholic Church,1915.0,Around 1915 - First school in Hafford built.,,1913.0,By 1913 - Early doctor in Haffoed (Dr. Lavoie); 1922 - Hafford Hospital built.,1914.0,1914 - Early (possibly first) town constable (H. Krug) appointed.,1913.0,1913 - Earliest burial in St. Solange Roman Catholic Cemetery; 1914 - Earliest burial in Hafford Cemetery,,,,,,
4346,SK185036,SK,185,36,Dalmeny,VL,172,,,,,1905.0,CNoR,1906,1906 - First postmaster appointed.,,,,,,,,,,,,,,,,,
4307,SK184037,SK,184,37,Hudson Bay Jct,VL,160,,"Originally named Etoimami, changed to Hudson Bay Junction in 1909, then ""Junction"" was dropped in 1947. Settler occupation of the area started with the fur trade in the late 1700s, but the townsite was established with the railway.",1907.0,,1910.0,CNoR,1907,1907 - First postmaster appointed.,1906.0,1906 - St. Patrick's Anglican Church; 1913 - St. Dominic's Roman Catholic Church,1913.0,1913 - First school in Hudson Bay built.,,1921.0,1921 - Earliest dated healthcare in the area was a Red Cross outpost hospital. 1929 First resident doctor arrived (Dr. Collins).,1910.0,1910 - RNWMP Division F present in Hudson Bay.,,Unable to find historic cemetery records - oldest found started in the 1930s.,,1907 - The Junction Kicker,,,,
3909,SK176050,SK,176,50,Holdfast,VL,217,,Settlers began arriving in the area in 1904.,1911.0,,1911.0,CPR,1907,1907 - First postmaster appointed.,1913.0,1913 - Unnamed Lutheran church; 1920 - Assumption of Mary Roman Catholic Church,1912.0,1912 - First school in Holdfast built.,,1914.0,1914 - Early doctor in Holdfast (H. J. Schmitt).,1913.0,1913 - Earliest date for a town constable (Thomas Domaille).,1913.0,1913 - Holdfast Cemetery established.,,,,,,
4055,SK179027,SK,179,27,Norquay,VL,198,,"Settlement around the townsite began in the late 1800s, but no establishment date given.",1913.0,,1910.0,CNoR,1907,1907 - First postmaster appointed.,1907.0,1907 - The Mission Church (probably Roman Catholic but unclear); 1910 or 1911 - Bethany Swedish Evangelical Covenant Church; 1924 - Norquay Presbyterian Church; 1925 - St. Peter and Paul Ukrainian Orthodox Church,1918.0,1918 - Spring Hill schoolhouse moved to Norquay townsite.,,1921.0,1921 - First resident doctor (Dr. O'Shea) in Norquay. Previously was served by doctors from Kamsack and Pelly.,1921.0,Between 1919-1921 - Earliest mention of town policeman (Mr. Butcher).,1907.0,1907 - Earliest burial in Norquay Community Cemetery.,,,1906.0,1906 - Earliest date mentioned for the Scandinavian Canadian Land Company.,,https://digitalcollections.ucalgary.ca/asset-management/2R3BF1OZSCW1J
4198,SK182031,SK,182,31,Dinsmore,VL,171,,,1913.0,,1913.0,CNoR,1907,1907 - First postmaster appointed.,1918.0,Undated - Dinsmore Methodist Church first church in the village; 1918 - Dinsmore Union Church; 1914 - The Anglican Church,1920.0,1920 - School built in Dinsmore after Coteau Valley S.D. and Acadia S.D. were amalgamated to form Dinsmore S.D.,,1928.0,"1928 - Earliest medical care documented is Dinsmore Union Hospital, opened in 1928.",1921.0,1921 - Earliest mention of a village constable (Thos. Hanes).,1921.0,1921 - Earliest burial in Dinsmore Cemetery.,,,,,,
3836,SK175033,SK,175,33,Birmingham,VL,36,,Birmingham was only a village from 1908-1918.,1908.0,,1907.0,GTPR,1908,1908 - First postmaster appointed.,1910.0,1910 - St. Paraskevia Ukrainian Catholic Church,,,,,,,,1912.0,1912 - Earliest burial in Birmingham Orthodox Cemetery,,,,,,
3976,SK177048,SK,177,48,Tugaske,VL,230,,"Settlement in the area started around 1904, ",1909.0,,1908.0,"CPR (starting date of operation unclear, either 1908 or 1909)",1908,1908 - First postmaster appointed.,1909.0,1909 - Unnamed Methodist church; 1910 - Tugaske Presbyterian Church,1910.0,1910 - First public school in Tugaske; 1915 - Tugaske Seventh-Day Adventist Elementary Church School started (included because they were supervised by the Department of Education and taught the provincial curriculum).,,1909.0,1909 - Early doctor (E. T. Jessop) in Tugaske.,1910.0,1910 - RNWMP depot in Tugaske.,1902.0,1902 - Earliest burial in Tugaske Cemetery.,1909.0,"1909 - The Tugaske Journal, renamed The Tugaske Globe in 1916.",,,,
4159,SK181048,SK,181,48,Loreburn,VL,180,,,1909.0,,1909.0,CPR,1908,1908 - First postmaster appointed.,1915.0,1915 - St. John's Anglican Church; 1918 - Loreburn United Church,1908.0,"1908 - First schoolhouse built, but was moved to village site in 1910.",,,"Around 1910 - Loreburn had a doctor, but no further details available.",,,1907.0,1907 - Earliest burial in Loreburn Cemetery,,,,,,https://digitalcollections.ucalgary.ca/asset-management/2R3BF1O2NMU1G
4064,SK179036,SK,179,36,Sturgis,VL,179,,"Early on, the settlement was colloquially called Stanhope, but officially has always been called Sturgis.",1912.0,,1910.0,CNoR,1908,1908 - First postmaster appointed.,1913.0,1913 - St. Patrick's Roman Catholic Church; 1920 - Grace United Church,1913.0,1913 - First schoolhouse in Sturgis built.,,1922.0,"1922 - Earliest mention of health care in Sturgis: ""1922: January 17, correspondence re: securing a doctor, a drugstore and a hospital site''. No follow-up provided.",1912.0,1915 - Earliest mention of a village constable (Tom Healey) in Sturgis.,1910.0,1910 - Earliest burial in Sturgis Cemetery,,,,,,https://digitalcollections.ucalgary.ca/asset-management/2R3BF1F3SF91Y
3795,SK174030,SK,174,30,Carmichael,VL,60,,,1917.0,,1882.0,CPR (date not given),1908,1908 - First postmaster appointed.,1923.0,1923 - Carmichael Community Church,1919.0,1919 - First school opened in Carmichael.,,,,,,,,,,,,,
4058,SK179030,SK,179,30,Rama,VL,127,,,1919.0,,1905.0,CNoR,1908,1908 - First postmaster appointed.,1919.0,Prior to 1919 - Bethlehem Lutheran Church; 1922 - St. Anthony's Roman Catholic Church,1910.0,1910 - First school opened in Rama.,,1920.0,1920 - Earliest dated medical health officer appointed (Dr. Bunn) in Rama.,1921.0,1921 - Earliest dated village constable (M. Kozak).,1901.0,1901 - Earliest burial in St. Anthony Roman Catholic Cemetery,,,,,,https://digitalcollections.ucalgary.ca/asset-management/2R3BF1SJLDSRC
4436,SK187029,SK,187,29,Mervin,VL,126,,"There were two townsites for Mervin - Old Mervin and current Mervin, though when the move happened is unclear.",1920.0,,1914.0,CNoR,1908,1908 - First postmaster appointed.,1912.0,Around 1912 - Unnamed Anglican church; 1912 - Mervin Presbyterian Church,1914.0,1914 - First school opened in Mervin.,,,"Undated - ""Doctors were Drs. Singleton, Gilhooley, Wilson and Clark.""",,,1908.0,1908 - Earliest burial in Mervin Cemetery.,,,,,,https://digitalcollections.ucalgary.ca/asset-management/2R3408NWQSA
3967,SK177039,SK,177,39,Hodgeville,VL,88,,,1921.0,,1920.0,CN (Canadian National Railway),1908,1908 - First postmaster appointed.,1924.0,1924 - Christ Church (Anglican); 1928 - St. Joseph Roman Catholic Church (moved from Grimersville to Hodgeville);,1917.0,1917 - First date given for the Hodgeville School Board. No school dates available.,,1923.0,1923 - Early doctor (Dr. Pedley) in Hodgeville.,1921.0,1921 - First village constable (William Bliault) in Hodgeville.,1912.0,1912 - Earliest burial in Hodgeville Cemetery,,,,,,
4158,SK181047,SK,181,47,Lockwood,VL,117,,,,,,,1908,1908 - First postmaster appointed.,,,,,,,,,,,,,,,,,
3856,SK175053,SK,175,53,Waldron,VL,114,,,,,1907.0,GTPR,1908,1908 - First postmaster appointed.,,,,,,,,,,,,,,,,,
4246,SK183031,SK,183,31,Adanac,VL,85,,,,No establishment or incorporation dates provided for Adanac.,1908.0,"CPR, GTPR",1908,1908 - First postmaster appointed. William Hordle Wheatland served for 41 years until 1949.,1908.0,1908 - St. Thomas Anglican Church; 1909 - Adanac Presbyterian Church;,1910.0,1909 or 1910 - First school built in Adanac.,,1910.0,1910 - Earliest mention of the Adanac Hospital.,,,1910.0,1910 - Earliest burial in Adanac Cemetery.,,,,,,https://digitalcollections.ucalgary.ca/asset-management/2R34080JJMMC
4202,SK182035,SK,182,35,Laura,VL,195,,No info on village establishment.,1908.0,,1908.0,CNoR,1909,1909 - First postmaster appointed.,1911.0,1911 - Laura Methodist Church,1906.0,1906 - First school in Laura built.,,,,,,1908.0,1908 - Earliest burial in Laura Cemetery.,,,,,,
4097,SK180027,SK,180,27,Jasmin,VL,83,,,1908.0,,1908.0,GTPR (date of arrival not given),1909,1909 - First postmaster appointed.,1919.0,1919 - Ste. Jeanne d'Arc Roman Catholic Church,1906.0,1906 - Formation of Jasmin School District. School construction date unavailable.,,,Undated - First village doctor (Dr. Molseley) in Jasmin.,,,1920.0,1920 - Earliest burial in Jasmin Catholic Cemetery.,1910.0,1910 - The Echo,,,,https://digitalcollections.ucalgary.ca/asset-management/2R3BF1F0GW5JT
3846,SK175043,SK,175,43,Kipling,VL,367,,No info about early establishment available.,1909.0,,1906.0,"CNoR, CPR",1909,1909 - First postmaster appointed.,1907.0,1907 - St. Anne's Roman Catholic Church; 1910 - Kipling Presbyterian Church; 1911 - St. Michael's Anglican Church; 1916 - The Church of the Presentation of the Blessed Virgin Mary (Ukranian Catholic); ,1910.0,1910 - First school built.,,1908.0,1908 - First doctor (George Hilts) in Kipling.,1915.0,1915 - RNWMP depot in Kipling.,1912.0,1908 - Earliest burial in St. Anne's Cemetery; 1912 - Earliest burial in Kipling Town Cemetery.,,"The Kipling Citizen (undated, may be from the 40s, no early sources found)",,,,
4154,SK181043,SK,181,43,Hawarden,VL,237,,No establishment info found.,1909.0,,1909.0,CPR,1909,1909 - First postmaster appointed.,1912.0,1912 - Hawarden Presbyterian Church; 1913 - Hawarden Methodist Church; 1916 - Bethlehem Lutheran Church; 1926 - Christ Church (Anglican),1910.0,1910 - First school in Hawarden.,,1908.0,1908 - First resident doctor (John A. Monkman) in Hawarden.,,,1910.0,1910 - Earliest burial in Hawarden Cemetery; 1910 - Earliest burial in Bethlehem Lutheran Cemetery,1943.0,1943 - Earliest date found for The Hawarden Pioneer,,,,
4248,SK183033,SK,183,33,Cavell,VL,33,,"Originally called Coblenz, changed to Cavell in 1916. Cavell lost village status in 1943.",1909.0,,1908.0,"GTPR, CPR",1909,1909 - First postmaster appointed.,1909.0,1909 - St.  Margaret's Anglican Church,1911.0,1911 - First school opened in Cavell.,,,,,,,,,,,,,
4203,SK182036,SK,182,36,Leney,VL,83,,,1910.0,,1908.0,"GTPR, CPR",1909,1909 - First postmaster appointed.,,No churches recorded in Leney prior to 1925.,,,,,,,,1905.0,1905 - Earliest burial in Leney Cemetery.,,,,,,
4094,SK180024,SK,180,24,Hubbard,VL,79,,,1910.0,,1907.0,GTPR,1909,1909 - First postmaster appointed.,1910.0,1910 - Church of the Holy Spirit (Ukrainian Catholic),1908.0,1908 - First school opened in Hubbard.,,,,,,1913.0,1913 - Earliest burial in Hubbard Town Cemetery; 1914 - Earliest burial in Holy Ghost Ukrainian Cemetery,,,,,,https://digitalcollections.ucalgary.ca/asset-management/2R3BF1SJLDXYV
4166,SK181055,SK,181,55,Zelma,VL,66,,,1910.0,,1907.0,"GTPR, CPR",1909,1909 - First postmaster appointed.,1909.0,"1909 - Zelma Church (Protestant, but denomination unclear)",1912.0,1912 - Zelma School District organized. No school construction date available.,,,Undated but likely around 1909-1911 - First village doctor (Dr. Edgar) in Zelma.,,,1910.0,1910 - Earliest burial in Zelma Cemetery.,,,,,,https://digitalcollections.ucalgary.ca/asset-management/2R3BF1OX9UK_U
3764,SK173049,SK,173,49,Woodrow,VL,193,,No info on village establishment.,1913.0,,1913.0,CPR,1909,1909 - First postmaster appointed.,1909.0,1909 - Woodrow Presbyterian Church; 1916 - Woodrow Mennonite Brethren Church,1915.0,1915 - First school built in Woodrow.,,,,,,1911.0,1911 - Earliest burial in Woodrow Municipal Cemetery.,,,,,,
3797,SK174032,SK,174,32,Dollard,VL,118,,,1914.0,,1914.0,CPR,1909,1909 - First postmaster appointed.,1921.0,1921 - St. Joan of Arc Roman Catholic Church,1917.0,1917 - First school built in Dollard.,,1916.0,"1916 - Dr. DeSerres of Eastend had a clinic in Dollard; ""1920s"" - Resident doctor (A. Ayotte) in Dollard.",,,1910.0,1910 - Earliest burial in St. Joan of Arc Roman Catholic Cemetery,,,,,,
4213,SK182046,SK,182,46,Vanscoy,VL,89,,,1918.0,,1908.0,CNoR,1909,1909 - First postmaster appointed.,1914.0,1914 - St. Francis Xavier Roman Catholic Church; Between 1917-1919 - Unnamed Methodist church; Prior to 1920 - Unnamed Anglican church,1916.0,1916 - First school opened in Vanscoy.,,,,1919.0,1919 - First village constable (Joe Haanen) in Vanscoy.,1903.0,1903 - Vascoy Cemetery established; 1915 - St. Francis Xavier Roman Catholic Cemetery established,,,,,,
4102,SK180032,SK,180,32,Leslie,VL,162,,"Settlement began back in 1882, land was surveyed in 1892.",,,1909.0,CNoR,1909,1909 - First postmaster appointed.,1909.0,"1909 - Unnamed church (just ""Leslie's first church"")",1916.0,1916 - Earliest date given for Leslie's school.,,,,,,1907.0,1907 - Earliest burial in Leslie Cemetery.,,,,,,
3692,SK172026,SK,172,26,Amulet,VL,37,,No dates provided for establishment or incorporation for Amulet.,,,1911.0,"CPR, CNoR",1909,1909 - First postmaster appointed.,1916.0,1916 - St. Boniface Anglican Church,1910.0,1910 - First school built in Amulet.,,,,,,1910.0,1910 - Earliest burial in Amulet Cemetery.,,,,,,
3697,SK172031,SK,172,31,Colgate,VL,88,,"Originally called Bellville, renamed to Colgate by CNoR.",1911.0,,1911.0,CNoR,1910,1910 - First postmaster appointed.,1911.0,1911 - Unnamed Presbyterian church; 1912 - Unnamed Methodist church,1908.0,1908 - First school opened in Colgate.,,,Undated - First resident doctor (H. Hamill) in Colgate.,,,1920.0,1920 - Colgate Cemetery established.,,,,,,https://digitalcollections.ucalgary.ca/asset-management/2R3BF1ODNCJ3E
4098,SK180028,SK,180,28,Kandahar,VL,114,,"Originally spelled Candahar, later changed to Kandahar.",1912.0,,1909.0,"CPR (date is for Wynyard, as no specific date available for Kandahar)",1910,1910 - First postmaster appointed.,1913.0,1913 - Augustine Lutheran Church,1916.0,1916 - First school opened in Kandahar.,,,,1914.0,1914 - Early village constable (James Gillis) in Kandahar. William Anderson seemingly replaced James Gillis that same year.,1911.0,1911 - Earliest burial in Icelandic Cemetery.,,,,,,
4267,SK183052,SK,183,52,Senlac,VL,88,,,1916.0,,1910.0,CPR,1910,1910 - First postmaster appointed.,1925.0,1925 - Senlac United Church of Canada,1911.0,1911 - First school opened in Senlac.,,1916.0,1916 - First village doctor (Dr. Griffiths) in Senlac.,,,1910.0,1910 - Earliest burial in Senlac Cemetery.,,,,,,
4253,SK183038,SK,183,38,Evesham,VL,73,,,1919.0,,1910.0,CPR,1910,1910 - First postmaster appointed.,1928.0,1928 - Evesham United Church,1911.0,1911 - First school built in Evesham.,,1921.0,1921 - Early Health Officer (Dr. Elliott) in Evesham.,,,1921.0,1921 - Evesham Prairie View Cemetery established.,,,,,,
4194,SK182027,SK,182,27,Ardath,VL,58,,,,,1911.0,"CPR, CNoR",1910,1910 - First postmaster appointed.,,,,,,,,,,,,,,,,,
4262,SK183047,SK,183,47,Marengo,VL,88,,"Originally called Melbourne, then Fuller, then in 1914, changed to Marengo. (Other informal names for the town have included Jonesville and Basil).",1910.0,,1911.0,CNoR,1911,1911 - First postmaster appointed.,1911.0,1911 - Unnamed church (denomination unclear); 1912 - Sacred Heart Roman Catholic Church; ,1912.0,"1912 - Formation of Marengo School District #457. No school dates available, but definitely prior to 1918.",,,,,,1906.0,1906 - Earliest burial in Marengo Cemetery.,,,,,,
4196,SK182029,SK,182,29,Conquest,VL,286,,No establishment info found.,1911.0,,1911.0,1911 - CNoR; 1912 - CPR,1911,1911 - First postmaster appointed.,1911.0,1911 - Conquest Union Church; 1911 - Conquest Baptist Church; ,1916.0,"1916 - First dated mention of a schoolhouse in Conquest, but was likely established earlier.",,1913.0,1913 - First mention of a doctor (Dr. Wray).,1916.0,1916 - First dated mention of law enforcement (likely RNWMP but unsure) - Constable Birch.,1911.0,1911 - Earliest burial in Fertile Valley Cemetery.,,,,,,
3696,SK172030,SK,172,30,Ceylon,VL,141,,Early townsite was moved to meet the railway in 1911.,1911.0,,1911.0,CNoR,1911,1911 - First postmaster appointed.,1917.0,Between 1913-1917 - St. Joseph's Roman Catholic Church; 1918 - Ceylon Union Church,1912.0,1912 - First school in Ceylon opened.,,1911.0,1911 - First resident doctor (Dr. Hutton) in Ceylon.,1912.0,1912 - RNWMP detachment in Ceylon.,1909.0,1909 - Earliest burial in Ceylon Cemetery.,,Undated - The Ceylon Journal,,,,https://digitalcollections.ucalgary.ca/asset-management/2R3BF1F5GVJ3M
3701,SK172035,SK,172,35,Goodwater,VL,123,,"Originally named Juell, was renamed to Goodwater by CNoR.",1911.0,,1911.0,CNoR,1911,1911 - First postmaster appointed.,,,1913.0,"1913 - ""Classes were being held in 1913"" in Goodwater (no school construction dates available).",,1927.0,1927 - Earliest dated doctor for the RM (George Crane).,,,1903.0,1903 - Earliest burial in Goodwater Cemetery.,,,,,,https://digitalcollections.ucalgary.ca/asset-management/2R3BF1ODNCJ3E
4103,SK180033,SK,180,33,Lestock,VL,280,,"""It is a pity that there are no records of Lestock prior to 1921.""",1912.0,,1908.0,GTPR,1911,1911 - First postmaster appointed.,1924.0,1924 - St. Gertrude's Roman Catholic Church.,,"No dates given - ""The first school was built facing the railroad just east of the old telephone office.""",1889-1997 - Muscowequan Indian Residential School (Touchwood),1937.0,1937 - St. Joseph's Hospital,,,1909.0,1909 - Earliest burial in St. Joseph Cemetery; 1924 - Earliest burial in Lestock Cemetery,,,,,,https://digitalcollections.ucalgary.ca/asset-management/2R3BF1O2UAWGR
4402,SK186038,SK,186,38,Parkside,VL,99,,Originally called Willis and was located southwest of current townsite. Name and location changed by the railway.,1913.0,,1910.0,CNoR,1911,1911 - First postmaster appointed.,1914.0,Undated but after 1907 - Parkside Anglican Church; 1914 - Immanuel Lutheran Church; 1922 - Parkside Pentecostal Church;,1906.0,1906 - First school opened in Parkside.,,1918.0,"1918 or so - Doctor (Margaret French) ""served the area during the flu epidemic"".",,,1919.0,"1919 - Earliest burial in Parkside Cemetery. Earlier burials likely happened at Honeywood Cemetery, but that is not in Parkside.",,,,,,
3745,SK173030,SK,173,30,Ettington,VL,37,,,1914.0,,1913.0,"CNoR, CPR",1911,1911 - First postmaster appointed.,1916.0,"1916 - Unnamed Methodist manse (services held downstairs), with church proper built in 1929.",1915.0,1915 - Ettington School Division 3620 established. No school dates available.,,,,,,1911.0,1911 - Earliest burial in Ettington Grand Lutheran Cemetery.,,,,,,
4091,SK180021,SK,180,21,Dafoe,VL,102,,,1920.0,,1909.0,"CPR (date is for Wynyard, as no specific date available for Kandahar)",1911,1911 - First postmaster appointed.,,,1918.0,1918 - First school built in Dafoe.,,,,,,1912.0,1912 - Earliest burial in St. Mary's Anglican Cemetery,,,,,,
4069,SK179041,SK,179,41,Wroxton,VL,140,,,,,1911.0,CNoR,1911,1911 - First postmaster appointed.,,,,,,,,,,,,,,,,,
4063,SK179035,SK,179,35,Stornoway,VL,88,,,,,1912.0,CNoR,1911,1911 - First postmaster appointed.,,,,,,,,,,,,,,,,,
4017,SK178038,SK,178,38,Lemsford,VL,37,,,,No dates for establishment or incorporation for Lemsford.,1913.0,CPR,1911,1911 - First postmaster appointed.,,No records of early churches built in Lemsford.,1912.0,1912 - Lemsford School District 2856 established.,,,,,,1915.0,1915 - Earliest burial in Lemsford Cemetery.,,,,,,https://digitalcollections.ucalgary.ca/asset-management/2R3BF1SJLALAL
4399,SK186035,SK,186,35,Leask,VL,176,,,1912.0,,1911.0,CNoR,1912,1912 - First postmaster appointed.,1924.0,No churches on record built prior to 1921; 1924 - All Saints' Anglican Church ,,Between 1914 and 1917 - First schoolhouse in Leask built.,,1913.0,1913 - First resident doctor (Dr. Duncan) in Leask.,1912.0,1912 - First village constable (John Krugal) in Leask.,1916.0,1916 - Earliest burial in Leask Cemetery,,"""Early 1920s"" - The Leask Echo",,,,https://digitalcollections.ucalgary.ca/asset-management/2R3BF1SJLATZJ
3694,SK172028,SK,172,28,Bengough,VL,157,,,1912.0,,1911.0,CNoR,1912,1912 - First postmaster appointed.,1913.0,1913 - Unnamed Presbyterian church,1912.0,"1912 - Bengough School District established. No school construction date given, but was prior to 1918.",,1911.0,1911 - First resident doctor (Dr. Ireland) in Bengough.,1913.0,"1912 or 1913 - Henry Kjelson was interviewed to be village constable (outcome unclear); undated but around 1912-1913 - ""Law began with Mr. Gartman as the first Deputy Sheriff and Justice of Peace followed by K. McPherson.""",1900.0,1900 - Earliest burial in Bengough Cemetery.,1913.0,"Undated but likely around 1912-1913 - ""The first newspaper editor was Mr. Frawley in a building where the Post Office is now."" But no info on what newspaper that was.",,,,https://digitalcollections.ucalgary.ca/asset-management/2R3BF1OFS1H26
3763,SK173048,SK,173,48,Viceroy,VL,156,,,1912.0,,1911.0,CPR,1912,1912 - First postmaster appointed.,1915.0,1915 - Viceroy United Church; 1918 - Viceroy Church of Jesus Christ of Latter Day Saints; 1922 - Earliest date recorded for St. Olaf Lutheran Church,1913.0,1913 - First school in Viceroy built.,,1912.0,1912 - Early doctor (Dr. Culham) in Viceroy.,1912.0,1912 - First constable (R. H. Lipsett) and first RNWMP officer stationed (Sgt. Oaksleigh Reims) in Viceroy.,1902.0,1902 - Earliest burial in St. Olaf Lutheran Cemetery; 1912 - Earliest burial in Viceroy Cemetery; 1920- Earliest burial in Russian and Ukrainian Viceroy Baptist Church Cemetery,,,,,,
4204,SK182037,SK,182,37,Macrorie,VL,154,,,1912.0,,1911.0,CNoR,1912,1912 - First postmaster appointed.,1929.0,No record of churches built before 1921; 1929 - Bethanian Lutheran Church; 1930 - Macrorie United Church,1917.0,1917 - First school in Macrorie opened.,,1913.0,1913 - Early doctor for the RM (T. M. George).,1915.0,1915 - RNWMP Division F active in the Macrorie area.,1917.0,1917 - Earliest burial in Macrorie Cemetery.,,Undated but around 1925 - The Macrorie News/The Squeak,,,,https://digitalcollections.ucalgary.ca/asset-management/2R3BF1O3UNWTR
4018,SK178039,SK,178,39,Pennant,VL,125,,,1912.0,,1911.0,CPR,1912,1912 - First postmaster appointed.,1912.0,1912 - Unnamed Presbyterian church,1913.0,1913 - First school built in Pennant.,,,"Undated but after 1927 - ""The first doctor was Dr. Harry Pickard, for several years, then Dr. Hugh Inglis and Dr. Craig.""",1912.0,1912 - First village constable (J. L. Reid) in Pennant.,1912.0,1912 - Earliest burial in Pennant Cemetery.,1918.0,1918 - Earliest date given for The Pennant Observer.,,,,https://digitalcollections.ucalgary.ca/asset-management/2R34080JJTTL
4439,SK187032,SK,187,32,Vawn,VL,78,,,1913.0,,1911.0,CNoR,1912,1912 - First postmaster appointed.,,No churches recorded in the village of Vawn.,1913.0,1913 - Formation of Vawn School District. No school dates available.,,1914.0,1914 - Early resident doctor (Dr. Duval) in Vawn.,,,,"No cemeteries in Vawn. Closest is St. Hippolyte Cemetery, where earliest burial is 1907.",,,,,,
3972,SK177044,SK,177,44,Mawer,VL,125,,"No establishment or incorporation date for Mawer, but the latter was likely pre-1921 to be included in the 1921 census.",,,1913.0,GTPR,1912,1912 - First postmaster appointed.,1913.0,1913 - Mawer Church (Methodist),1919.0,1919 - First school opened in Mawer.,,,"Undated - Early doctors in Mawer - Drs. Charles Boyd, S. Home, J.S. Dickson, E.M. Brundage, and Chaplin.",,,,,,Prior to 1918 - The Mawer Tribune (later renamed The Mawer Telegram).,,,,
4025,SK178046,SK,178,46,Success,VL,93,,,,,1911.0,CPR,1912,1912 - First postmaster appointed.,,,,,,,,,,,,,,,,,https://digitalcollections.ucalgary.ca/asset-management/2R34080JJTTL
4008,SK178029,SK,178,29,Abbey,VL,180,,,1913.0,,1913.0,CPR,1913,1913 - First postmaster appointed.,1918.0,1918 - Abbey Presbyterian Church,1915.0,1915 - First schoolhouse in Abbey opened.,,1914.0,1914 - First resident doctor (E. M. Carefoot) in Abbey.,,,1911.0,1911 - Earliest burial in Abbey Community Cemetery,,,,,,https://digitalcollections.ucalgary.ca/asset-management/2R3BF1FPLET0J
4258,SK183043,SK,183,43,Leipzig,VL,83,,"Was temporarily renamed Arpierce during WWI, but was quickly reverted to Leipzig due to the renaming causing problems with the mail.",1913.0,,1912.0,CPR,1913,1913 - First postmaster appointed.,1906.0,1906 - St. Paschal Roman Catholic Church,1915.0,1915 - First school built in Leipzig.,,,,,,1908.0,"1908 - Earliest burial in Leipzig Cemetery, which is the Catholic and Lutheran cemeteries combined.",,,,,,
4214,SK182047,SK,182,47,Wiseton,VL,75,,"Originally called Sharp, renamed in 1913 to Wiseton.",1913.0,,1913.0,CNoR,1913,1913 - First postmaster appointed.,,Undated but prior to 1925 - Wiseton Presbyterian Church,1916.0,1916 - First school opened in Wiseton.,,,,,,1908.0,1908 - Earliest burial in Holt-Moseton Cemetery.,,,,,,
3759,SK173044,SK,173,44,Spring Valley,VL,97,,,,,1913.0,CNoR,1913,1913 - First postmaster appointed.,,,,,,,,,,,,,,,,,
4251,SK183036,SK,183,36,Dodsland,VL,185,,,1913.0,,1911.0,1911 - CPR; 1913 - GTPR,1914,1914 - First postmaster appointed.,1925.0,1925 - Dodsland United Church,1919.0,1919 - First school in Dodsland.,,1915.0,1915 - Earliest doctor (Dr. Scroggy); 1917 - First resident doctor (Dr. Dobson),,,1905.0,1905 - Earliest burial in Dodsland Druid Cemetery.,1918.0,1918 - Earliest date found for Prairie Times published at Dodsland.,,,,
4268,SK183053,SK,183,53,Smiley,VL,90,,,1913.0,,1913.0,GTPR,1914,1914 - First postmaster appointed.,,No record of churches built in Smiley prior to 1924.,1914.0,1914 - First school built in Smiley.,,,,,,1906.0,1906 - Earliest burial in Smiley Cemetery.,,,,,,
3895,SK176036,SK,176,36,B— Say— Tah,VL,22,,,1915.0,,1911.0,GTPR,1914,1914 - First postmaster appointed.,,,,,,,,,,,,,,,,,
3917,SK176058,SK,176,58,North Regina,VL,586,,,1914.0,,1882.0,"CPR but date of arrival unavailable, CNoR, GTPR, QLSRSC",1915,1915 - First postmaster appointed.,1914.0,1914 - St. Alban's Anglican Church; 1921 - St. James Presbyterian Church,1915.0,1915 - First school opened.,,,,,,,,,,,,,
3761,SK173046,SK,173,46,Vantage,VL,162,,No info on village establishment.,1917.0,,1913.0,"CPR, CNoR",1915,1915 - First postmaster appointed.,1917.0,1917 - Vantage Methodist Church,1917.0,1917 - First organization of the Vantage school. Unsure if the school itself was built this date.,,,,,"Vantage was likely first policed by the Saskatchewan Provincial Police, but no specific records found.",,,,,,,,
3743,SK173028,SK,173,28,Ardill,VL,26,,,1920.0,,1912.0,"CNoR, CPR",1915,1915 - First postmaster appointed.,,,1922.0,1922 - Ardill School Division 4472 established. No school dates available.,,,,,,,,,,,,,
3744,SK173029,SK,173,29,Congress,VL,39,,,1917.0,,1914.0,CPR,1918,1918 - First postmaster appointed.,1919.0,1919 - Congress Baptist Church; 1928 - St. Lucas Lutheran Church,,No dates given for school activities in Congress.,,,,,,1914.0,1914 - Earliest burial in Congress Baptist Cemetery.,,,,,,
4009,SK178030,SK,178,30,Burstall,VL,179,,,1921.0,,1923.0,CPR,1921,1921 - First postmaster appointed.,1922.0,"1922 - St. Paul's Lutheran Church; 1929 - Burstall Baptist Church (church was built in 1914, but moved into Burstall in 1929)",1922.0,1922 - First schoolhouse in Burstall opened.,,,Prior to 1924 - Earliest dated doctor (A. E. Jutras) in Burstall.,1926.0,1926 - Earliest mention of a village constable (Henry Schmook) in Burstall.,1910.0,1910 - Earliest burial in St. Paul Lutheran Cemetery; 1917 - Earliest burial in Hope Evangelical Cemetery,,,,,,https://digitalcollections.ucalgary.ca/asset-management/2R3BF1O3WQEJQ
4059,SK179031,SK,179,31,Rhein,VL,428,,,,,1912.0,CNoR,1905,1905 - First postmaster appointed.,,,,,,,,,,,,,,,,,
3882,SK176023,SK,176,23,Balgonie,T,204,,,,,1882.0,CPR,1883,1883 - First postmaser appointed.,,,,,,,,,,,,,,,,,
3923,SK176064,SK,176,64,Sedley,VL,198,,,,,1904.0,CPR,1904,1904 - First postmaster appointed.,,,,,,,,,,,,,,,,,
3914,SK176055,SK,176,55,Markinch,VL,172,,,,,1905.0,CPR,1906,1906 - First postmaster appointed.,,,,,,,,,,,,,,,,,
3842,SK175039,SK,175,39,Glenavon,VL,171,,,,,1907.0,"CNoR, CPR",1908,1908 - First postmaster appointed.,,,,,,,,,,,,,,,,,
